{"rows":[{"cols":[{"isRequired":false,"extraSettings":{"border":false},"size":12,"labelAlign":"left","editable":false,"isVisible":true,"id":"cloud-html-component1","type":"htmlComponent","value":"<h1>edora one Initializer <small>bootstrap your application now<\/small><\/h1>","helpMessage":{"position":"bottom"}}]},{"cols":[{"isRequired":false,"size":4,"extraSettings":{"options":[{"text":"Maven Project","value":"maven"},{"text":"Gradle Project","value":"gradle"}]},"labelAlign":"left","defaultValue":"maven","editable":true,"isVisible":true,"label":"Generate a","id":"cloud-select1","type":"select","value":"{{build}}","helpMessage":{"position":"bottom"}},{"isRequired":false,"size":4,"extraSettings":{"options":[{"text":"Java","value":"java"}]},"labelAlign":"left","defaultValue":"java","editable":true,"isVisible":true,"label":"with","id":"cloud-select2","type":"select","value":"{{language}}","helpMessage":{"position":"bottom"}},{"isRequired":false,"size":4,"extraSettings":{"options":[{"text":"1.6.5","value":"1.6.5"},{"text":"2.0.0-M5","value":"2.0.0-M5"}]},"labelAlign":"left","defaultValue":"2.0.0-M5","editable":true,"isVisible":true,"label":"and edoras one","id":"cloud-select3","type":"select","value":"{{edorasOneVersion}}","helpMessage":{"position":"bottom"}}]},{"cols":[{"isRequired":false,"extraSettings":{"layoutDefinition":{"rows":[{"cols":[{"isRequired":false,"extraSettings":{"border":false},"size":12,"labelAlign":"left","editable":false,"isVisible":true,"id":"cloud-html-component2","type":"htmlComponent","value":"<div>\n\t<h2>Project Metadata<\/h2>\n\t<p>Artifact Coordinates<\/p>\n<\/div>","helpMessage":{"position":"bottom"}}]},{"cols":[{"isRequired":true,"size":12,"labelAlign":"top","defaultValue":"com.example","editable":true,"id":"cloud-text2","isVisible":true,"label":"Group","type":"text","value":"{{groupId}}","helpMessage":{"position":"bottom"}}]},{"cols":[{"isRequired":true,"size":12,"labelAlign":"top","defaultValue":"demo","editable":true,"id":"cloud-text3","isVisible":true,"label":"Artifact","type":"text","value":"{{artifactId}}","helpMessage":{"position":"bottom"}}]},{"cols":[{"isRequired":true,"size":12,"labelAlign":"top","defaultValue":"{{artifactId}}","editable":true,"id":"cloud-text10","isVisible":true,"label":"Short Name","type":"text","validationRegExp":"[a-zA-Z]","value":"{{shortName}}","helpMessage":{"position":"bottom"}}]},{"cols":[{"isRequired":false,"size":12,"labelAlign":"top","defaultValue":"{{artifactId}}","editable":true,"id":"cloud-text7","isVisible":"{{fullVersion}}","label":"Name","type":"text","value":"{{projectName}}","helpMessage":{"position":"bottom"}}]},{"cols":[{"isRequired":false,"size":12,"labelAlign":"top","defaultValue":"Demo project for edoras one","editable":true,"id":"cloud-text8","isVisible":"{{fullVersion}}","label":"Description","type":"text","value":"{{projectDescription}}","helpMessage":{"position":"bottom"}}]},{"cols":[{"isRequired":false,"size":12,"labelAlign":"top","defaultValue":"{{groupId}}.{{artifactId}}","editable":true,"id":"cloud-text9","isVisible":"{{fullVersion}}","label":"Package Name","type":"text","value":"{{packageName}}","helpMessage":{"position":"bottom"}}]},{"cols":[{"isRequired":false,"size":12,"extraSettings":{"options":[{"text":"War","value":"war"},{"text":"Jar","value":"jar"}]},"labelAlign":"top","defaultValue":"war","editable":true,"isVisible":"{{fullVersion}}","label":"Packaging","id":"cloud-select4","type":"select","value":"{{packaging}}","helpMessage":{"position":"bottom"}}]},{"cols":[{"isRequired":false,"size":12,"extraSettings":{"options":[{"text":"1.8","value":"1.8"},{"text":"1.7","value":"1.7"}]},"labelAlign":"top","defaultValue":"1.8","editable":true,"isVisible":"{{fullVersion}}","label":"Java Version","id":"cloud-select5","type":"select","value":"{{javaVersion}}","helpMessage":{"position":"bottom"}}]},{"cols":[{"isRequired":false,"size":12,"labelAlign":"left","defaultValue":false,"editable":true,"isVisible":true,"label":"Show the full version","id":"cloud-checkbox1","type":"boolean","value":"{{fullVersion}}","helpMessage":{"position":"bottom"}}]}]},"collapsed":false,"isCollapsible":false,"showBorder":false},"size":6,"editable":true,"isVisible":true,"id":"cloud-sub-panel1","type":"panel","helpMessage":{"position":"bottom"}},{"isRequired":false,"extraSettings":{"layoutDefinition":{"rows":[{"cols":[{"isRequired":false,"extraSettings":{"border":false},"size":12,"labelAlign":"left","editable":false,"isVisible":true,"id":"cloud-html-component3","type":"htmlComponent","value":"<div>\n\t<h2>Addons<\/h2>\n\t<p>Add edoras one addons to your application<\/p>\n<\/div>","helpMessage":{"position":"bottom"}}]},{"cols":[{"isRequired":false,"extraSettings":{"preselectAll":false,"tagsEnabled":true,"options":[{"text":"External Systems Integration","value":"edoras-addon-data"}],"type":"static","target":"_blank"},"size":12,"labelAlign":"top","editable":true,"id":"cloud-static-auto-complete1","isVisible":true,"label":"Selected Addons","type":"autoComplete","value":"{{addons}}","helpMessage":{"position":"bottom"}}]}]},"collapsed":false,"isCollapsible":false,"showBorder":false},"size":6,"editable":true,"isVisible":true,"id":"cloud-sub-panel3","type":"panel","helpMessage":{"position":"bottom"}}]},{"cols":[{"isRequired":false,"extraSettings":{"iconAlignment":"right","type":"one","alignment":"left","showAsButton":true,"target":"_self"},"size":12,"labelAlign":"top","editable":false,"id":"cloud-link-button1","isVisible":true,"type":"linkButton","value":"Generate","helpMessage":{"position":"bottom"}}]}]}