{
  "_entityClassifier" : "WRK",
  "id" : "WRK(GEAR-aa44a441-93ea-4326-b593-ac6ca6637c9e)",
  "globalId" : "FORM_MODEL-7b079cb6-1250-4ac5-9309-59177f1209b3",
  "externalId" : "WRK(ed242b82-6834-461e-a3ca-f1e747877443)",
  "providerId" : "com.edorasware.cloud.core.provider.model.FormModelProvider",
  "tenantId" : "11111111-1111-1111-1111-111111111111",
  "name" : "Initializer Generation Form",
  "creationTime" : "2017-06-22T13:05:00.116Z",
  "updateTime" : "2017-06-22T13:56:35.352Z",
  "type" : "FORM_MODEL",
  "modificationVersion" : 22,
  "modificationCreatorId" : "GEAR-1e3ef580-5371-4177-8cc4-0a62afafc75a",
  "modificationUpdaterId" : "GEAR-1e3ef580-5371-4177-8cc4-0a62afafc75a",
  "definitionId" : "GEAR-4029bb26-6b2d-461d-b312-9549735de73c",
  "state" : "ACTIVE",
  "subState" : "ACTIVE",
  "variables" : [ {
    "name" : "_comment",
    "type" : "java.lang.String",
    "value" : "[{\"author\":\"Administrator\",\"authorId\":\"GEAR-1e3ef580-5371-4177-8cc4-0a62afafc75a\",\"date\":\"2017-06-22T13:05:00.224Z\",\"text\":\"Model edited with comment:<div><br>Imported</div>\",\"deletable\":false,\"replies\":[]},{\"author\":\"Administrator\",\"authorId\":\"GEAR-1e3ef580-5371-4177-8cc4-0a62afafc75a\",\"date\":\"2017-06-22T13:05:00.334Z\",\"text\":\"Imported\",\"deletable\":false,\"replies\":[]},{\"author\":\"Administrator\",\"authorId\":\"GEAR-1e3ef580-5371-4177-8cc4-0a62afafc75a\",\"date\":\"2017-06-22T13:33:14.098Z\",\"text\":\"Deployed\",\"deletable\":false,\"replies\":[]},{\"author\":\"Administrator\",\"authorId\":\"GEAR-1e3ef580-5371-4177-8cc4-0a62afafc75a\",\"date\":\"2017-06-22T13:42:28.452Z\",\"text\":\"Model edited\",\"deletable\":false,\"replies\":[]},{\"author\":\"Administrator\",\"authorId\":\"GEAR-1e3ef580-5371-4177-8cc4-0a62afafc75a\",\"date\":\"2017-06-22T13:42:38.414Z\",\"text\":\"Deployed\",\"deletable\":false,\"replies\":[]},{\"author\":\"Administrator\",\"authorId\":\"GEAR-1e3ef580-5371-4177-8cc4-0a62afafc75a\",\"date\":\"2017-06-22T13:47:24.870Z\",\"text\":\"Model edited\",\"deletable\":false,\"replies\":[]},{\"author\":\"Administrator\",\"authorId\":\"GEAR-1e3ef580-5371-4177-8cc4-0a62afafc75a\",\"date\":\"2017-06-22T13:47:49.833Z\",\"text\":\"Deployed\",\"deletable\":false,\"replies\":[]},{\"author\":\"Administrator\",\"authorId\":\"GEAR-1e3ef580-5371-4177-8cc4-0a62afafc75a\",\"date\":\"2017-06-22T13:54:46.578Z\",\"text\":\"Model edited\",\"deletable\":false,\"replies\":[]},{\"author\":\"Administrator\",\"authorId\":\"GEAR-1e3ef580-5371-4177-8cc4-0a62afafc75a\",\"date\":\"2017-06-22T13:56:35.347Z\",\"text\":\"Deployed\",\"deletable\":false,\"replies\":[]}]"
  }, {
    "name" : "description",
    "type" : null,
    "value" : null
  }, {
    "name" : "key",
    "type" : "java.lang.String",
    "value" : "edoras-5b6617532c83"
  } ],
  "stateUpdateTime" : "2017-06-22T13:56:35.352Z",
  "subStateUpdateTime" : "2017-06-22T13:56:35.352Z",
  "ownerId" : "GEAR-1e3ef580-5371-4177-8cc4-0a62afafc75a",
  "assigneeId" : "GEAR-1e3ef580-5371-4177-8cc4-0a62afafc75a",
  "initialAssigneeId" : "GEAR-1e3ef580-5371-4177-8cc4-0a62afafc75a",
  "previousAssigneeId" : null,
  "assignedGroupId" : null,
  "initialAssignedGroupId" : null,
  "previousAssignedGroupId" : null,
  "candidateUserIds" : [ ],
  "candidateGroupIds" : [ "GEAR-fccc2580-c916-4776-8a9c-128eb3bcb87a" ],
  "priority" : null,
  "resubmissionTime" : null,
  "dueTime" : null,
  "assigneeIdUpdateTime" : null,
  "assignedGroupIdUpdateTime" : null,
  "path" : [ "WRK(GEAR-7461a036-bff8-4a11-ae26-d8230cdc7de9)", "WRK(GEAR-aa44a441-93ea-4326-b593-ac6ca6637c9e)" ]
}