{
  "_entityClassifier" : "WRK",
  "id" : "WRK(GEAR-fe5a14fe-e4e5-4b33-97ef-ccf46c14633f)",
  "globalId" : "CASE_MODEL-94951c9c-2f49-40d2-8432-8a52ac817c71",
  "externalId" : "WRK(78f37718-edef-4341-8f1a-d7b1c9a9785e)",
  "providerId" : "com.edorasware.cloud.core.provider.model.CaseModelProvider",
  "tenantId" : "11111111-1111-1111-1111-111111111111",
  "name" : "Initializer Test Case",
  "creationTime" : "2017-06-22T06:57:00.351Z",
  "updateTime" : "2017-06-22T10:02:08.171Z",
  "type" : "CASE_MODEL",
  "modificationVersion" : 6,
  "modificationCreatorId" : "GEAR-8d020b54-fe0a-469d-9a8f-e3686c0e9b97",
  "modificationUpdaterId" : "GEAR-8d020b54-fe0a-469d-9a8f-e3686c0e9b97",
  "definitionId" : "GEAR-c95b91cf-3ff3-4fa1-b29a-84c9b6dd8ff8",
  "state" : "ACTIVE",
  "subState" : "ACTIVE",
  "variables" : [ {
    "name" : "_comment",
    "type" : "java.lang.String",
    "value" : "[{\"author\":\"Administrator\",\"authorId\":\"GEAR-8d020b54-fe0a-469d-9a8f-e3686c0e9b97\",\"date\":\"2017-06-22T06:57:00.400Z\",\"text\":\"Created\",\"deletable\":false,\"replies\":[]},{\"author\":\"Administrator\",\"authorId\":\"GEAR-8d020b54-fe0a-469d-9a8f-e3686c0e9b97\",\"date\":\"2017-06-22T06:57:21.239Z\",\"text\":\"Deployed\",\"deletable\":false,\"replies\":[]},{\"author\":\"Administrator\",\"authorId\":\"GEAR-8d020b54-fe0a-469d-9a8f-e3686c0e9b97\",\"date\":\"2017-06-22T06:58:48.021Z\",\"text\":\"Deployed\",\"deletable\":false,\"replies\":[]},{\"author\":\"Administrator\",\"authorId\":\"GEAR-8d020b54-fe0a-469d-9a8f-e3686c0e9b97\",\"date\":\"2017-06-22T07:51:17.599Z\",\"text\":\"Deployed\",\"deletable\":false,\"replies\":[]},{\"author\":\"Administrator\",\"authorId\":\"GEAR-8d020b54-fe0a-469d-9a8f-e3686c0e9b97\",\"date\":\"2017-06-22T10:02:08.169Z\",\"text\":\"Deployed\",\"deletable\":false,\"replies\":[]}]"
  }, {
    "name" : "adhocDocuments",
    "type" : "java.util.List",
    "value" : [ ]
  }, {
    "name" : "adhocProcesses",
    "type" : "java.util.List",
    "value" : [ ]
  }, {
    "name" : "adhocTasks",
    "type" : "java.util.List",
    "value" : [ ]
  }, {
    "name" : "allowedActions",
    "type" : "java.util.List",
    "value" : [ "assign", "share", "startProcess", "addVariables", "activate", "archive" ]
  }, {
    "name" : "autostartDocuments",
    "type" : "java.util.List",
    "value" : [ ]
  }, {
    "name" : "autostartProcesses",
    "type" : "java.util.List",
    "value" : [ ]
  }, {
    "name" : "autostartTasks",
    "type" : "java.util.List",
    "value" : [ ]
  }, {
    "name" : "description",
    "type" : null,
    "value" : null
  }, {
    "name" : "initForm",
    "type" : "java.lang.String",
    "value" : "edoras-5b6617532c83"
  }, {
    "name" : "initialCandidateGroups",
    "type" : "java.util.List",
    "value" : [ ]
  }, {
    "name" : "key",
    "type" : "java.lang.String",
    "value" : "edoras-7e15ae3e3c04"
  }, {
    "name" : "modelType",
    "type" : "java.lang.String",
    "value" : "adaptive"
  }, {
    "name" : "workForm",
    "type" : null,
    "value" : null
  } ],
  "stateUpdateTime" : "2017-06-22T06:57:21.243Z",
  "subStateUpdateTime" : "2017-06-22T06:57:21.243Z",
  "ownerId" : "GEAR-8d020b54-fe0a-469d-9a8f-e3686c0e9b97",
  "assigneeId" : "GEAR-8d020b54-fe0a-469d-9a8f-e3686c0e9b97",
  "initialAssigneeId" : "GEAR-8d020b54-fe0a-469d-9a8f-e3686c0e9b97",
  "previousAssigneeId" : null,
  "assignedGroupId" : null,
  "initialAssignedGroupId" : null,
  "previousAssignedGroupId" : null,
  "candidateUserIds" : [ ],
  "candidateGroupIds" : [ "GEAR-1836589a-e404-47c0-a704-42528bdddea1" ],
  "priority" : null,
  "resubmissionTime" : null,
  "dueTime" : null,
  "assigneeIdUpdateTime" : null,
  "assignedGroupIdUpdateTime" : null,
  "path" : [ "WRK(GEAR-b4d8ff10-4173-482c-87fe-6e9c1b9d39e9)", "WRK(GEAR-fe5a14fe-e4e5-4b33-97ef-ccf46c14633f)" ]
}