{
  "appFormat" : "1.2",
  "edorasVersion" : "2.0.0-M5",
  "_appVersionId" : "f2e2e914-a4bf-4d8a-8703-2ba4129d260e",
  "_revisionHistory" : "[ {\n  \"id\" : \"f2e2e914-a4bf-4d8a-8703-2ba4129d260e\",\n  \"host\" : \"http://localhost:8080\",\n  \"userName\" : \"Administrator\",\n  \"changeComment\" : \"Manual download\",\n  \"timestamp\" : \"2017-06-22T13:56:35.380Z\"\n}, {\n  \"id\" : \"334f5847-23ea-4042-97d7-bfca6bf5644a\",\n  \"host\" : \"http://localhost:8080\",\n  \"userName\" : \"Administrator\",\n  \"changeComment\" : \"Manual download\",\n  \"timestamp\" : \"2017-06-22T13:47:49.875Z\"\n}, {\n  \"id\" : \"dd5ffc6b-eebf-44f6-87be-30995b8215d8\",\n  \"host\" : \"http://localhost:8080\",\n  \"userName\" : \"Administrator\",\n  \"changeComment\" : \"Manual download\",\n  \"timestamp\" : \"2017-06-22T13:42:38.449Z\"\n}, {\n  \"id\" : \"7323771a-a2c1-4201-a629-b47e505cd018\",\n  \"host\" : \"http://localhost:8080\",\n  \"userName\" : \"Administrator\",\n  \"changeComment\" : \"Manual download\",\n  \"timestamp\" : \"2017-06-22T13:33:14.238Z\"\n} ]"
}