{
  "_entityClassifier" : "WRK",
  "id" : "WRK(GEAR-7461a036-bff8-4a11-ae26-d8230cdc7de9)",
  "globalId" : "APP_MODEL-2707ed25-be3e-4cca-8931-b091664308a1",
  "externalId" : "WRK(c844bd84-98dd-4d2a-8644-5c43642a0be7)",
  "providerId" : "com.edorasware.cloud.core.provider.model.AppModelProvider",
  "tenantId" : "11111111-1111-1111-1111-111111111111",
  "name" : "Initializr",
  "creationTime" : "2017-06-22T13:04:30.340Z",
  "updateTime" : "2017-06-22T13:56:35.383Z",
  "type" : "APP_MODEL",
  "modificationVersion" : 26,
  "modificationCreatorId" : "GEAR-1e3ef580-5371-4177-8cc4-0a62afafc75a",
  "modificationUpdaterId" : "GEAR-1e3ef580-5371-4177-8cc4-0a62afafc75a",
  "definitionId" : "GEAR-801f10e6-afcf-4d48-95f7-cc2eac57ae0e",
  "state" : "ACTIVE",
  "subState" : "ACTIVE",
  "variables" : [ {
    "name" : "_appVersionId",
    "type" : "java.lang.String",
    "value" : "f2e2e914-a4bf-4d8a-8703-2ba4129d260e"
  }, {
    "name" : "_appVersionTimestamp",
    "type" : "java.util.Date",
    "value" : "2017-06-22T13:56:35.380Z"
  }, {
    "name" : "_comment",
    "type" : "java.lang.String",
    "value" : "[{\"author\":\"Administrator\",\"authorId\":\"GEAR-1e3ef580-5371-4177-8cc4-0a62afafc75a\",\"date\":\"2017-06-22T13:04:30.465Z\",\"text\":\"Created\",\"deletable\":false,\"replies\":[]},{\"author\":\"Administrator\",\"authorId\":\"GEAR-1e3ef580-5371-4177-8cc4-0a62afafc75a\",\"date\":\"2017-06-22T13:05:00.088Z\",\"text\":\"Imported\",\"deletable\":false,\"replies\":[]},{\"author\":\"Administrator\",\"authorId\":\"GEAR-1e3ef580-5371-4177-8cc4-0a62afafc75a\",\"date\":\"2017-06-22T13:33:13.949Z\",\"text\":\"Edited: <br><table><tr><th>Name</th><th>Old value</th><th>New value</th></tr><tr><td>owner</td><td></td><td>{id=GEAR-1e3ef580-5371-4177-8cc4-0a62afafc75a, title=Administrator, value=GEAR-1...</td></tr><tr><td>assignee</td><td></td><td>{id=GEAR-1e3ef580-5371-4177-8cc4-0a62afafc75a, title=Administrator, value=GEAR-1...</td></tr></table><br>\",\"deletable\":false,\"replies\":[]},{\"author\":\"Administrator\",\"authorId\":\"GEAR-1e3ef580-5371-4177-8cc4-0a62afafc75a\",\"date\":\"2017-06-22T13:33:13.953Z\",\"text\":\"Model edited\",\"deletable\":false,\"replies\":[]},{\"author\":\"Administrator\",\"authorId\":\"GEAR-1e3ef580-5371-4177-8cc4-0a62afafc75a\",\"date\":\"2017-06-22T13:33:14.134Z\",\"text\":\"Deployed\",\"deletable\":false,\"replies\":[]},{\"author\":\"Administrator\",\"authorId\":\"GEAR-1e3ef580-5371-4177-8cc4-0a62afafc75a\",\"date\":\"2017-06-22T13:42:38.329Z\",\"text\":\"Model edited\",\"deletable\":false,\"replies\":[]},{\"author\":\"Administrator\",\"authorId\":\"GEAR-1e3ef580-5371-4177-8cc4-0a62afafc75a\",\"date\":\"2017-06-22T13:42:38.432Z\",\"text\":\"Deployed\",\"deletable\":false,\"replies\":[]},{\"author\":\"Administrator\",\"authorId\":\"GEAR-1e3ef580-5371-4177-8cc4-0a62afafc75a\",\"date\":\"2017-06-22T13:47:49.801Z\",\"text\":\"Model edited\",\"deletable\":false,\"replies\":[]},{\"author\":\"Administrator\",\"authorId\":\"GEAR-1e3ef580-5371-4177-8cc4-0a62afafc75a\",\"date\":\"2017-06-22T13:47:49.856Z\",\"text\":\"Deployed\",\"deletable\":false,\"replies\":[]},{\"author\":\"Administrator\",\"authorId\":\"GEAR-1e3ef580-5371-4177-8cc4-0a62afafc75a\",\"date\":\"2017-06-22T13:56:35.316Z\",\"text\":\"Model edited\",\"deletable\":false,\"replies\":[]},{\"author\":\"Administrator\",\"authorId\":\"GEAR-1e3ef580-5371-4177-8cc4-0a62afafc75a\",\"date\":\"2017-06-22T13:56:35.369Z\",\"text\":\"Deployed\",\"deletable\":false,\"replies\":[]}]"
  }, {
    "name" : "_isModified",
    "type" : "java.lang.Boolean",
    "value" : false
  }, {
    "name" : "_lastActionComment",
    "type" : null,
    "value" : null
  }, {
    "name" : "_revisionHistory",
    "type" : "java.lang.String",
    "value" : "[ {\n  \"id\" : \"f2e2e914-a4bf-4d8a-8703-2ba4129d260e\",\n  \"host\" : \"http://localhost:8080\",\n  \"userName\" : \"Administrator\",\n  \"changeComment\" : \"Manual download\",\n  \"timestamp\" : \"2017-06-22T13:56:35.380Z\"\n}, {\n  \"id\" : \"334f5847-23ea-4042-97d7-bfca6bf5644a\",\n  \"host\" : \"http://localhost:8080\",\n  \"userName\" : \"Administrator\",\n  \"changeComment\" : \"Manual download\",\n  \"timestamp\" : \"2017-06-22T13:47:49.875Z\"\n}, {\n  \"id\" : \"dd5ffc6b-eebf-44f6-87be-30995b8215d8\",\n  \"host\" : \"http://localhost:8080\",\n  \"userName\" : \"Administrator\",\n  \"changeComment\" : \"Manual download\",\n  \"timestamp\" : \"2017-06-22T13:42:38.449Z\"\n}, {\n  \"id\" : \"7323771a-a2c1-4201-a629-b47e505cd018\",\n  \"host\" : \"http://localhost:8080\",\n  \"userName\" : \"Administrator\",\n  \"changeComment\" : \"Manual download\",\n  \"timestamp\" : \"2017-06-22T13:33:14.238Z\"\n} ]"
  }, {
    "name" : "assignee",
    "type" : "java.util.Map",
    "value" : {
      "id" : "GEAR-1e3ef580-5371-4177-8cc4-0a62afafc75a",
      "title" : "Administrator",
      "value" : "GEAR-1e3ef580-5371-4177-8cc4-0a62afafc75a",
      "properties" : {
        "memberGroups" : [ "GEAR-3fcddabd-272b-470a-a903-ab50be8d2fff", "GEAR-e9520642-0416-4543-839f-d0e3834bd394", "GEAR-fccc2580-c916-4776-8a9c-128eb3bcb87a", "GEAR-cd76e6f1-011c-4f64-b8e9-3439f0f2aad6", "GEAR-d9dd6500-5bf5-49a5-82ec-2b52551ce825", "GEAR-380fa236-f9a1-47ad-a497-71827da679da" ]
      },
      "name" : "Administrator"
    }
  }, {
    "name" : "description",
    "type" : null,
    "value" : null
  }, {
    "name" : "key",
    "type" : "java.lang.String",
    "value" : "edoras-8500a71e3cf1"
  }, {
    "name" : "mappings",
    "type" : "java.util.Map",
    "value" : {
      "workItemMappings" : [ ],
      "propertyMappings" : [ ]
    }
  }, {
    "name" : "owner",
    "type" : "java.util.Map",
    "value" : {
      "id" : "GEAR-1e3ef580-5371-4177-8cc4-0a62afafc75a",
      "title" : "Administrator",
      "value" : "GEAR-1e3ef580-5371-4177-8cc4-0a62afafc75a",
      "properties" : {
        "memberGroups" : [ "GEAR-3fcddabd-272b-470a-a903-ab50be8d2fff", "GEAR-e9520642-0416-4543-839f-d0e3834bd394", "GEAR-fccc2580-c916-4776-8a9c-128eb3bcb87a", "GEAR-cd76e6f1-011c-4f64-b8e9-3439f0f2aad6", "GEAR-d9dd6500-5bf5-49a5-82ec-2b52551ce825", "GEAR-380fa236-f9a1-47ad-a497-71827da679da" ]
      },
      "name" : "Administrator"
    }
  }, {
    "name" : "primaryLanguage",
    "type" : null,
    "value" : null
  }, {
    "name" : "secondaryLanguages",
    "type" : "java.util.List",
    "value" : [ ]
  } ],
  "stateUpdateTime" : "2017-06-22T13:56:35.373Z",
  "subStateUpdateTime" : "2017-06-22T13:56:35.373Z",
  "ownerId" : "GEAR-1e3ef580-5371-4177-8cc4-0a62afafc75a",
  "assigneeId" : "GEAR-1e3ef580-5371-4177-8cc4-0a62afafc75a",
  "initialAssigneeId" : "GEAR-1e3ef580-5371-4177-8cc4-0a62afafc75a",
  "previousAssigneeId" : null,
  "assignedGroupId" : null,
  "initialAssignedGroupId" : null,
  "previousAssignedGroupId" : null,
  "candidateUserIds" : [ ],
  "candidateGroupIds" : [ "GEAR-fccc2580-c916-4776-8a9c-128eb3bcb87a" ],
  "priority" : null,
  "resubmissionTime" : null,
  "dueTime" : null,
  "assigneeIdUpdateTime" : null,
  "assignedGroupIdUpdateTime" : null,
  "path" : [ "WRK(GEAR-7461a036-bff8-4a11-ae26-d8230cdc7de9)" ]
}