{
  "resourceId" : "editor_FORM_MODEL-7b079cb6-1250-4ac5-9309-59177f1209b3",
  "stencil" : {
    "id" : "XForm"
  },
  "pathProperties" : { },
  "xmlProperties" : [ ],
  "childShapes" : [ {
    "resourceId" : "panel1",
    "stencil" : {
      "id" : "SlotPanel"
    },
    "pathProperties" : {
      "id" : "id"
    },
    "xmlProperties" : [ ],
    "childShapes" : [ {
      "resourceId" : "cloud-html-component1",
      "stencil" : {
        "id" : "HtmlComponent"
      },
      "pathProperties" : {
        "id" : "id",
        "description-position" : "helpMessage.position",
        "label-position" : "labelAlign",
        "description" : "helpMessage.text",
        "description_i18n-key" : "helpMessage.text",
        "col-span" : "size",
        "visible" : "isVisible",
        "visible-run" : "isVisible",
        "style-class" : "styleClass",
        "editable" : "editable",
        "editable-run" : "editable",
        "required" : "isRequired",
        "required-run" : "isRequired",
        "label" : "label",
        "label_i18n-key" : "label",
        "default-value" : "defaultValue",
        "value" : "value",
        "value_i18n-key" : "value",
        "border" : "extraSettings.border"
      },
      "xmlProperties" : [ ],
      "childShapes" : [ ],
      "bounds" : {
        "lowerRight" : {
          "x" : 984,
          "y" : 75
        },
        "upperLeft" : {
          "x" : 15,
          "y" : 25
        }
      },
      "properties" : {
        "id" : "cloud-html-component1",
        "notes" : "",
        "width" : "200",
        "height" : "",
        "col" : 1,
        "col-align" : "fill",
        "col-weight" : "",
        "row" : 1,
        "row-align" : "top",
        "row-weight" : "",
        "enabled" : true,
        "enabled-run" : "",
        "size" : 12,
        "label-align" : "top-left",
        "description-position" : "bottom",
        "description-align" : "left",
        "node-type" : "",
        "label-position" : "left",
        "description" : "",
        "description_i18n-key" : "",
        "documentation" : "",
        "col-span" : "1",
        "visible" : true,
        "visible-run" : "",
        "style-class" : "",
        "bordercolor" : "#000000",
        "editable" : false,
        "editable-run" : "",
        "required" : false,
        "required-run" : "",
        "label" : "",
        "label_i18n-key" : "",
        "default-value" : "",
        "value" : "<h1>edora one Initializer <small>bootstrap your application now</small></h1>",
        "value_i18n-key" : "",
        "border" : false,
        "customstencilid" : "cloud-html-component",
        "customnamespace" : "http://b3mn.org/stencilset/default.form.palette.xml#",
        "xmlTag" : "htmlComponent"
      },
      "ssextensions" : [ ],
      "outgoing" : [ ],
      "dockers" : [ ],
      "labels" : [ {
        "styles" : {
          "fill" : "#000000",
          "size" : "12",
          "italic" : false,
          "bold" : false
        },
        "ref" : "label_text"
      }, {
        "styles" : {
          "fill" : "#000000",
          "size" : "12",
          "italic" : false,
          "bold" : false
        },
        "ref" : "input_text"
      }, {
        "styles" : {
          "fill" : "#000000",
          "size" : "12",
          "italic" : false,
          "bold" : false
        },
        "ref" : "desc_text"
      } ]
    }, {
      "resourceId" : "cloud-select1",
      "stencil" : {
        "id" : "Component"
      },
      "pathProperties" : {
        "id" : "id",
        "description-position" : "helpMessage.position",
        "label" : "label",
        "label_i18n-key" : "label",
        "label-position" : "labelAlign",
        "value" : "value",
        "default-value" : "defaultValue",
        "description" : "helpMessage.text",
        "description_i18n-key" : "helpMessage.text",
        "col-span" : "size",
        "visible" : "isVisible",
        "visible-run" : "isVisible",
        "editable" : "editable",
        "editable-run" : "editable",
        "style-class" : "styleClass",
        "required" : "isRequired",
        "required-run" : "isRequired",
        "options" : "extraSettings.options",
        "options_i18n-key" : "extraSettings.options",
        "selection-error-msg" : "extraSettings.selectionErrorMsg",
        "selection-error-msg_i18n-key" : "extraSettings.selectionErrorMsg"
      },
      "xmlProperties" : [ ],
      "childShapes" : [ ],
      "bounds" : {
        "lowerRight" : {
          "x" : 246,
          "y" : 124
        },
        "upperLeft" : {
          "x" : 15,
          "y" : 98
        }
      },
      "outputmappingproperties" : {
        "options" : {
          "type" : "complex",
          "placeholders" : [ ]
        }
      },
      "properties" : {
        "id" : "cloud-select1",
        "notes" : "",
        "width" : "200",
        "height" : "",
        "col" : 1,
        "col-align" : "fill",
        "col-weight" : "",
        "row" : 2,
        "row-align" : "top",
        "row-weight" : "",
        "enabled" : true,
        "enabled-run" : "",
        "size" : 3,
        "label-align" : "top-left",
        "description-position" : "bottom",
        "description-align" : "left",
        "node-type" : "",
        "label" : "Generate a",
        "label_i18n-key" : "",
        "label-position" : "left",
        "value" : "{{build}}",
        "default-value" : "maven",
        "description" : "",
        "description_i18n-key" : "",
        "documentation" : "",
        "col-span" : "1",
        "visible" : true,
        "visible-run" : "",
        "editable" : true,
        "editable-run" : "",
        "style-class" : "",
        "required" : false,
        "required-run" : "",
        "bordercolor" : "#000000",
        "options" : "{\"totalCount\":2,\"items\":[{\"name\":\"Maven Project\",\"value\":\"maven\"},{\"name\":\"Gradle Project\",\"value\":\"gradle\"}]}",
        "options_i18n-key" : "",
        "selection-error-msg" : "",
        "selection-error-msg_i18n-key" : "",
        "retain-leading-zeroes" : true,
        "customstencilid" : "cloud-select",
        "customnamespace" : "http://b3mn.org/stencilset/default.form.palette.xml#",
        "xmlTag" : "select"
      },
      "ssextensions" : [ ],
      "outgoing" : [ ],
      "dockers" : [ ],
      "labels" : [ {
        "styles" : {
          "fill" : "#000000",
          "size" : "12",
          "italic" : false,
          "bold" : false
        },
        "ref" : "label_text"
      }, {
        "styles" : {
          "fill" : "#000000",
          "size" : "12",
          "italic" : false,
          "bold" : false
        },
        "ref" : "input_text"
      }, {
        "styles" : {
          "fill" : "#000000",
          "size" : "12",
          "italic" : false,
          "bold" : false
        },
        "ref" : "desc_text"
      } ]
    }, {
      "resourceId" : "cloud-select2",
      "stencil" : {
        "id" : "Component"
      },
      "pathProperties" : {
        "id" : "id",
        "description-position" : "helpMessage.position",
        "label" : "label",
        "label_i18n-key" : "label",
        "label-position" : "labelAlign",
        "value" : "value",
        "default-value" : "defaultValue",
        "description" : "helpMessage.text",
        "description_i18n-key" : "helpMessage.text",
        "col-span" : "size",
        "visible" : "isVisible",
        "visible-run" : "isVisible",
        "editable" : "editable",
        "editable-run" : "editable",
        "style-class" : "styleClass",
        "required" : "isRequired",
        "required-run" : "isRequired",
        "options" : "extraSettings.options",
        "options_i18n-key" : "extraSettings.options",
        "selection-error-msg" : "extraSettings.selectionErrorMsg",
        "selection-error-msg_i18n-key" : "extraSettings.selectionErrorMsg"
      },
      "xmlProperties" : [ ],
      "childShapes" : [ ],
      "bounds" : {
        "lowerRight" : {
          "x" : 492,
          "y" : 124
        },
        "upperLeft" : {
          "x" : 261,
          "y" : 98
        }
      },
      "outputmappingproperties" : {
        "options" : {
          "type" : "complex",
          "placeholders" : [ ]
        }
      },
      "properties" : {
        "id" : "cloud-select2",
        "notes" : "",
        "width" : "200",
        "height" : "",
        "col" : 4,
        "col-align" : "fill",
        "col-weight" : "",
        "row" : 2,
        "row-align" : "top",
        "row-weight" : "",
        "enabled" : true,
        "enabled-run" : "",
        "size" : 3,
        "label-align" : "top-left",
        "description-position" : "bottom",
        "description-align" : "left",
        "node-type" : "",
        "label" : "with",
        "label_i18n-key" : "",
        "label-position" : "left",
        "value" : "{{language}}",
        "default-value" : "java",
        "description" : "",
        "description_i18n-key" : "",
        "documentation" : "",
        "col-span" : "1",
        "visible" : true,
        "visible-run" : "",
        "editable" : true,
        "editable-run" : "",
        "style-class" : "",
        "required" : false,
        "required-run" : "",
        "bordercolor" : "#000000",
        "options" : "{\"totalCount\":1,\"items\":[{\"name\":\"Java\",\"value\":\"java\"}]}",
        "options_i18n-key" : "",
        "selection-error-msg" : "",
        "selection-error-msg_i18n-key" : "",
        "retain-leading-zeroes" : true,
        "customstencilid" : "cloud-select",
        "customnamespace" : "http://b3mn.org/stencilset/default.form.palette.xml#",
        "xmlTag" : "select"
      },
      "ssextensions" : [ ],
      "outgoing" : [ ],
      "dockers" : [ ],
      "labels" : [ {
        "styles" : {
          "fill" : "#000000",
          "size" : "12",
          "italic" : false,
          "bold" : false
        },
        "ref" : "label_text"
      }, {
        "styles" : {
          "fill" : "#000000",
          "size" : "12",
          "italic" : false,
          "bold" : false
        },
        "ref" : "input_text"
      }, {
        "styles" : {
          "fill" : "#000000",
          "size" : "12",
          "italic" : false,
          "bold" : false
        },
        "ref" : "desc_text"
      } ]
    }, {
      "resourceId" : "cloud-select3",
      "stencil" : {
        "id" : "Component"
      },
      "pathProperties" : {
        "id" : "id",
        "description-position" : "helpMessage.position",
        "label" : "label",
        "label_i18n-key" : "label",
        "label-position" : "labelAlign",
        "value" : "value",
        "default-value" : "defaultValue",
        "description" : "helpMessage.text",
        "description_i18n-key" : "helpMessage.text",
        "col-span" : "size",
        "visible" : "isVisible",
        "visible-run" : "isVisible",
        "editable" : "editable",
        "editable-run" : "editable",
        "style-class" : "styleClass",
        "required" : "isRequired",
        "required-run" : "isRequired",
        "options" : "extraSettings.options",
        "options_i18n-key" : "extraSettings.options",
        "selection-error-msg" : "extraSettings.selectionErrorMsg",
        "selection-error-msg_i18n-key" : "extraSettings.selectionErrorMsg"
      },
      "xmlProperties" : [ ],
      "childShapes" : [ ],
      "bounds" : {
        "lowerRight" : {
          "x" : 820,
          "y" : 124
        },
        "upperLeft" : {
          "x" : 507,
          "y" : 98
        }
      },
      "outputmappingproperties" : {
        "options" : {
          "type" : "complex",
          "placeholders" : [ ]
        }
      },
      "properties" : {
        "id" : "cloud-select3",
        "notes" : "",
        "width" : "200",
        "height" : "",
        "col" : 7,
        "col-align" : "fill",
        "col-weight" : "",
        "row" : 2,
        "row-align" : "top",
        "row-weight" : "",
        "enabled" : true,
        "enabled-run" : "",
        "size" : 4,
        "label-align" : "top-left",
        "description-position" : "bottom",
        "description-align" : "left",
        "node-type" : "",
        "label" : "and edoras one",
        "label_i18n-key" : "",
        "label-position" : "left",
        "value" : "{{edorasOneVersion}}",
        "default-value" : "2.0.0-M5",
        "description" : "",
        "description_i18n-key" : "",
        "documentation" : "",
        "col-span" : "1",
        "visible" : true,
        "visible-run" : "",
        "editable" : true,
        "editable-run" : "",
        "style-class" : "",
        "required" : false,
        "required-run" : "",
        "bordercolor" : "#000000",
        "options" : "{\"totalCount\":2,\"items\":[{\"name\":\"1.6.5\",\"value\":\"1.6.5\"},{\"name\":\"2.0.0-M5\",\"value\":\"2.0.0-M5\"}]}",
        "options_i18n-key" : "",
        "selection-error-msg" : "",
        "selection-error-msg_i18n-key" : "",
        "retain-leading-zeroes" : true,
        "customstencilid" : "cloud-select",
        "customnamespace" : "http://b3mn.org/stencilset/default.form.palette.xml#",
        "xmlTag" : "select"
      },
      "ssextensions" : [ ],
      "outgoing" : [ ],
      "dockers" : [ ],
      "labels" : [ {
        "styles" : {
          "fill" : "#000000",
          "size" : "12",
          "italic" : false,
          "bold" : false
        },
        "ref" : "label_text"
      }, {
        "styles" : {
          "fill" : "#000000",
          "size" : "12",
          "italic" : false,
          "bold" : false
        },
        "ref" : "input_text"
      }, {
        "styles" : {
          "fill" : "#000000",
          "size" : "12",
          "italic" : false,
          "bold" : false
        },
        "ref" : "desc_text"
      } ]
    }, {
      "resourceId" : "cloud-link-button1",
      "stencil" : {
        "id" : "Button"
      },
      "pathProperties" : {
        "id" : "id",
        "description-position" : "helpMessage.position",
        "label-position" : "labelAlign",
        "col-span" : "size",
        "visible" : "isVisible",
        "visible-run" : "isVisible",
        "style-class" : "styleClass",
        "link-target" : "extraSettings.target",
        "button-alignment" : "extraSettings.alignment",
        "button-alignment-run" : "extraSettings.alignment",
        "button-icon-url" : "extraSettings.iconUrl",
        "button-icon-alignment" : "extraSettings.iconAlignment",
        "context-variables" : "extraSettings.contextVariables",
        "context-variables_i18n-key" : "extraSettings.contextVariables",
        "tooltip" : "extraSettings.tooltip",
        "tooltip_i18n-key" : "extraSettings.tooltip",
        "editable" : "editable",
        "editable-run" : "editable",
        "required" : "isRequired",
        "required-run" : "isRequired",
        "label" : "label",
        "label_i18n-key" : "label",
        "description" : "helpMessage.text",
        "description_i18n-key" : "helpMessage.text",
        "default-value" : "defaultValue",
        "value" : "value",
        "value_i18n-key" : "value",
        "link-button-url" : "extraSettings.url",
        "link-button-show-as-button" : "extraSettings.showAsButton",
        "link-type" : "extraSettings.type"
      },
      "xmlProperties" : [ ],
      "childShapes" : [ ],
      "bounds" : {
        "lowerRight" : {
          "x" : 984,
          "y" : 856
        },
        "upperLeft" : {
          "x" : 15,
          "y" : 830
        }
      },
      "outputmappingproperties" : {
        "context-variables" : {
          "type" : "complex",
          "placeholders" : [ ]
        }
      },
      "properties" : {
        "id" : "cloud-link-button1",
        "notes" : "",
        "width" : "200",
        "height" : "",
        "col" : 1,
        "col-align" : "fill",
        "col-weight" : "",
        "row" : 4,
        "row-align" : "top",
        "row-weight" : "",
        "enabled" : true,
        "enabled-run" : "",
        "size" : 12,
        "label-align" : "top-left",
        "description-position" : "bottom",
        "description-align" : "left",
        "node-type" : "",
        "label-position" : "top",
        "documentation" : "",
        "col-span" : "1",
        "visible" : true,
        "visible-run" : "",
        "style-class" : "",
        "link-target" : "_self",
        "button-alignment" : "left",
        "button-alignment-run" : "",
        "button-icon-url" : "",
        "button-icon-alignment" : "right",
        "context-variables" : "",
        "context-variables_i18n-key" : "",
        "bordercolor" : "#000000",
        "tooltip" : "",
        "tooltip_i18n-key" : "",
        "editable" : false,
        "editable-run" : "",
        "required" : false,
        "required-run" : "",
        "label" : "",
        "label_i18n-key" : "",
        "description" : "",
        "description_i18n-key" : "",
        "default-value" : "",
        "value" : "Generate",
        "value_i18n-key" : "",
        "link-button-url" : "",
        "link-button-show-as-button" : true,
        "link-type" : "one",
        "customstencilid" : "cloud-link-button",
        "customnamespace" : "http://b3mn.org/stencilset/default.form.palette.xml#",
        "xmlTag" : "linkButton"
      },
      "ssextensions" : [ ],
      "outgoing" : [ ],
      "dockers" : [ ],
      "labels" : [ {
        "styles" : {
          "fill" : "#000000",
          "size" : "12",
          "italic" : false,
          "bold" : false
        },
        "ref" : "label_text"
      }, {
        "styles" : {
          "fill" : "#000000",
          "size" : "12",
          "italic" : false,
          "bold" : false
        },
        "ref" : "input_text"
      }, {
        "styles" : {
          "fill" : "#000000",
          "size" : "12",
          "italic" : false,
          "bold" : false
        },
        "ref" : "desc_text"
      } ]
    }, {
      "resourceId" : "cloud-sub-panel1",
      "stencil" : {
        "id" : "SubSlotPanel"
      },
      "pathProperties" : {
        "description-position" : "helpMessage.position",
        "visible" : "isVisible",
        "visible-run" : "isVisible",
        "style-class" : "styleClass",
        "id" : "id",
        "col-span" : "size",
        "default-value" : "defaultValue",
        "editable" : "editable",
        "editable-run" : "editable",
        "required" : "isRequired",
        "required-run" : "isRequired",
        "value" : "value",
        "description" : "helpMessage.text",
        "description_i18n-key" : "helpMessage.text",
        "label-position" : "labelAlign",
        "label" : "label",
        "label_i18n-key" : "label",
        "collapsible" : "extraSettings.isCollapsible",
        "collapsed" : "extraSettings.collapsed",
        "collapsed-run" : "extraSettings.collapsed",
        "show-border" : "extraSettings.showBorder"
      },
      "xmlProperties" : [ ],
      "childShapes" : [ {
        "resourceId" : "cloud-html-component2",
        "stencil" : {
          "id" : "HtmlComponent"
        },
        "pathProperties" : {
          "id" : "id",
          "description-position" : "helpMessage.position",
          "label-position" : "labelAlign",
          "description" : "helpMessage.text",
          "description_i18n-key" : "helpMessage.text",
          "col-span" : "size",
          "visible" : "isVisible",
          "visible-run" : "isVisible",
          "style-class" : "styleClass",
          "editable" : "editable",
          "editable-run" : "editable",
          "required" : "isRequired",
          "required-run" : "isRequired",
          "label" : "label",
          "label_i18n-key" : "label",
          "default-value" : "defaultValue",
          "value" : "value",
          "value_i18n-key" : "value",
          "border" : "extraSettings.border"
        },
        "xmlProperties" : [ ],
        "childShapes" : [ ],
        "bounds" : {
          "lowerRight" : {
            "x" : 463.79999999999995,
            "y" : 75
          },
          "upperLeft" : {
            "x" : 15,
            "y" : 25
          }
        },
        "properties" : {
          "id" : "cloud-html-component2",
          "notes" : "",
          "width" : "200",
          "height" : "",
          "col" : 1,
          "col-align" : "fill",
          "col-weight" : "",
          "row" : 1,
          "row-align" : "top",
          "row-weight" : "",
          "enabled" : true,
          "enabled-run" : "",
          "size" : 12,
          "label-align" : "top-left",
          "description-position" : "bottom",
          "description-align" : "left",
          "node-type" : "",
          "label-position" : "left",
          "description" : "",
          "description_i18n-key" : "",
          "documentation" : "",
          "col-span" : "1",
          "visible" : true,
          "visible-run" : "",
          "style-class" : "",
          "bordercolor" : "#000000",
          "editable" : false,
          "editable-run" : "",
          "required" : false,
          "required-run" : "",
          "label" : "",
          "label_i18n-key" : "",
          "default-value" : "",
          "value" : "<div>\n\t<h2>Project Metadata</h2>\n\t<p>Artifact Coordinates</p>\n</div>",
          "value_i18n-key" : "",
          "border" : false,
          "customstencilid" : "cloud-html-component",
          "customnamespace" : "http://b3mn.org/stencilset/default.form.palette.xml#",
          "xmlTag" : "htmlComponent"
        },
        "ssextensions" : [ ],
        "outgoing" : [ ],
        "dockers" : [ ],
        "labels" : [ {
          "styles" : {
            "fill" : "#000000",
            "size" : "12",
            "italic" : false,
            "bold" : false
          },
          "ref" : "label_text"
        }, {
          "styles" : {
            "fill" : "#000000",
            "size" : "12",
            "italic" : false,
            "bold" : false
          },
          "ref" : "input_text"
        }, {
          "styles" : {
            "fill" : "#000000",
            "size" : "12",
            "italic" : false,
            "bold" : false
          },
          "ref" : "desc_text"
        } ]
      }, {
        "resourceId" : "cloud-text2",
        "stencil" : {
          "id" : "Component"
        },
        "pathProperties" : {
          "id" : "id",
          "description-position" : "helpMessage.position",
          "label" : "label",
          "label_i18n-key" : "label",
          "label-position" : "labelAlign",
          "value" : "value",
          "description" : "helpMessage.text",
          "description_i18n-key" : "helpMessage.text",
          "col-span" : "size",
          "visible" : "isVisible",
          "visible-run" : "isVisible",
          "editable" : "editable",
          "editable-run" : "editable",
          "style-class" : "styleClass",
          "required" : "isRequired",
          "required-run" : "isRequired",
          "min-length" : "minLength",
          "min-length-error-msg" : "validationMinLengthErrorMessage",
          "min-length-error-msg_i18n-key" : "validationMinLengthErrorMessage",
          "max-length" : "maxLength",
          "max-length-error-msg" : "validationMaxLengthErrorMessage",
          "max-length-error-msg_i18n-key" : "validationMaxLengthErrorMessage",
          "validation-regexp" : "validationRegExp",
          "validation-regexp-error-msg" : "validationRegExpErrorMessage",
          "validation-regexp-error-msg_i18n-key" : "validationRegExpErrorMessage",
          "validation-mask" : "validationMask",
          "validation-mask-error-msg" : "validationMaskErrorMessage",
          "validation-mask-error-msg_i18n-key" : "validationMaskErrorMessage",
          "default-value" : "defaultValue"
        },
        "xmlProperties" : [ "min-length", "min-length-error-msg", "min-length-error-msg_i18n-key", "validation-regexp", "validation-regexp-error-msg", "validation-regexp-error-msg_i18n-key", "validation-mask", "validation-mask-error-msg", "validation-mask-error-msg_i18n-key" ],
        "childShapes" : [ ],
        "bounds" : {
          "lowerRight" : {
            "x" : 463.79999999999995,
            "y" : 146
          },
          "upperLeft" : {
            "x" : 15,
            "y" : 98
          }
        },
        "properties" : {
          "id" : "cloud-text2",
          "notes" : "",
          "width" : "200",
          "height" : "",
          "col" : 1,
          "col-align" : "fill",
          "col-weight" : "",
          "row" : 2,
          "row-align" : "top",
          "row-weight" : "",
          "enabled" : true,
          "enabled-run" : "",
          "size" : 12,
          "label-align" : "top-left",
          "description-position" : "bottom",
          "description-align" : "left",
          "node-type" : "",
          "label" : "Group",
          "label_i18n-key" : "",
          "label-position" : "top",
          "value" : "{{groupId}}",
          "description" : "",
          "description_i18n-key" : "",
          "documentation" : "",
          "col-span" : "1",
          "visible" : true,
          "visible-run" : "",
          "editable" : true,
          "editable-run" : "",
          "style-class" : "",
          "required" : false,
          "required-run" : "",
          "min-length" : "",
          "min-length-error-msg" : "",
          "min-length-error-msg_i18n-key" : "",
          "max-length" : "",
          "max-length-error-msg" : "",
          "max-length-error-msg_i18n-key" : "",
          "bordercolor" : "#000000",
          "validation-regexp" : "",
          "validation-regexp-error-msg" : "",
          "validation-regexp-error-msg_i18n-key" : "",
          "validation-mask" : "",
          "validation-mask-error-msg" : "",
          "validation-mask-error-msg_i18n-key" : "",
          "default-value" : "",
          "customstencilid" : "cloud-text",
          "customnamespace" : "http://b3mn.org/stencilset/default.form.palette.xml#",
          "xmlTag" : "text"
        },
        "ssextensions" : [ ],
        "outgoing" : [ ],
        "dockers" : [ ],
        "labels" : [ {
          "styles" : {
            "fill" : "#000000",
            "size" : "12",
            "italic" : false,
            "bold" : false
          },
          "ref" : "label_text"
        }, {
          "styles" : {
            "fill" : "#000000",
            "size" : "12",
            "italic" : false,
            "bold" : false
          },
          "ref" : "input_text"
        }, {
          "styles" : {
            "fill" : "#000000",
            "size" : "12",
            "italic" : false,
            "bold" : false
          },
          "ref" : "desc_text"
        } ]
      }, {
        "resourceId" : "cloud-text3",
        "stencil" : {
          "id" : "Component"
        },
        "pathProperties" : {
          "id" : "id",
          "description-position" : "helpMessage.position",
          "label" : "label",
          "label_i18n-key" : "label",
          "label-position" : "labelAlign",
          "value" : "value",
          "description" : "helpMessage.text",
          "description_i18n-key" : "helpMessage.text",
          "col-span" : "size",
          "visible" : "isVisible",
          "visible-run" : "isVisible",
          "editable" : "editable",
          "editable-run" : "editable",
          "style-class" : "styleClass",
          "required" : "isRequired",
          "required-run" : "isRequired",
          "min-length" : "minLength",
          "min-length-error-msg" : "validationMinLengthErrorMessage",
          "min-length-error-msg_i18n-key" : "validationMinLengthErrorMessage",
          "max-length" : "maxLength",
          "max-length-error-msg" : "validationMaxLengthErrorMessage",
          "max-length-error-msg_i18n-key" : "validationMaxLengthErrorMessage",
          "validation-regexp" : "validationRegExp",
          "validation-regexp-error-msg" : "validationRegExpErrorMessage",
          "validation-regexp-error-msg_i18n-key" : "validationRegExpErrorMessage",
          "validation-mask" : "validationMask",
          "validation-mask-error-msg" : "validationMaskErrorMessage",
          "validation-mask-error-msg_i18n-key" : "validationMaskErrorMessage",
          "default-value" : "defaultValue"
        },
        "xmlProperties" : [ "min-length", "min-length-error-msg", "min-length-error-msg_i18n-key", "validation-regexp", "validation-regexp-error-msg", "validation-regexp-error-msg_i18n-key", "validation-mask", "validation-mask-error-msg", "validation-mask-error-msg_i18n-key" ],
        "childShapes" : [ ],
        "bounds" : {
          "lowerRight" : {
            "x" : 463.79999999999995,
            "y" : 219
          },
          "upperLeft" : {
            "x" : 15,
            "y" : 171
          }
        },
        "properties" : {
          "id" : "cloud-text3",
          "notes" : "",
          "width" : "200",
          "height" : "",
          "col" : 1,
          "col-align" : "fill",
          "col-weight" : "",
          "row" : 3,
          "row-align" : "top",
          "row-weight" : "",
          "enabled" : true,
          "enabled-run" : "",
          "size" : 12,
          "label-align" : "top-left",
          "description-position" : "bottom",
          "description-align" : "left",
          "node-type" : "",
          "label" : "Artifact",
          "label_i18n-key" : "",
          "label-position" : "top",
          "value" : "{{artifactId}}",
          "description" : "",
          "description_i18n-key" : "",
          "documentation" : "",
          "col-span" : "1",
          "visible" : true,
          "visible-run" : "",
          "editable" : true,
          "editable-run" : "",
          "style-class" : "",
          "required" : false,
          "required-run" : "",
          "min-length" : "",
          "min-length-error-msg" : "",
          "min-length-error-msg_i18n-key" : "",
          "max-length" : "",
          "max-length-error-msg" : "",
          "max-length-error-msg_i18n-key" : "",
          "bordercolor" : "#000000",
          "validation-regexp" : "",
          "validation-regexp-error-msg" : "",
          "validation-regexp-error-msg_i18n-key" : "",
          "validation-mask" : "",
          "validation-mask-error-msg" : "",
          "validation-mask-error-msg_i18n-key" : "",
          "default-value" : "",
          "customstencilid" : "cloud-text",
          "customnamespace" : "http://b3mn.org/stencilset/default.form.palette.xml#",
          "xmlTag" : "text"
        },
        "ssextensions" : [ ],
        "outgoing" : [ ],
        "dockers" : [ ],
        "labels" : [ {
          "styles" : {
            "fill" : "#000000",
            "size" : "12",
            "italic" : false,
            "bold" : false
          },
          "ref" : "label_text"
        }, {
          "styles" : {
            "fill" : "#000000",
            "size" : "12",
            "italic" : false,
            "bold" : false
          },
          "ref" : "input_text"
        }, {
          "styles" : {
            "fill" : "#000000",
            "size" : "12",
            "italic" : false,
            "bold" : false
          },
          "ref" : "desc_text"
        } ]
      }, {
        "resourceId" : "cloud-text7",
        "stencil" : {
          "id" : "Component"
        },
        "pathProperties" : {
          "id" : "id",
          "description-position" : "helpMessage.position",
          "label" : "label",
          "label_i18n-key" : "label",
          "label-position" : "labelAlign",
          "value" : "value",
          "description" : "helpMessage.text",
          "description_i18n-key" : "helpMessage.text",
          "col-span" : "size",
          "visible" : "isVisible",
          "visible-run" : "isVisible",
          "editable" : "editable",
          "editable-run" : "editable",
          "style-class" : "styleClass",
          "required" : "isRequired",
          "required-run" : "isRequired",
          "min-length" : "minLength",
          "min-length-error-msg" : "validationMinLengthErrorMessage",
          "min-length-error-msg_i18n-key" : "validationMinLengthErrorMessage",
          "max-length" : "maxLength",
          "max-length-error-msg" : "validationMaxLengthErrorMessage",
          "max-length-error-msg_i18n-key" : "validationMaxLengthErrorMessage",
          "validation-regexp" : "validationRegExp",
          "validation-regexp-error-msg" : "validationRegExpErrorMessage",
          "validation-regexp-error-msg_i18n-key" : "validationRegExpErrorMessage",
          "validation-mask" : "validationMask",
          "validation-mask-error-msg" : "validationMaskErrorMessage",
          "validation-mask-error-msg_i18n-key" : "validationMaskErrorMessage",
          "default-value" : "defaultValue"
        },
        "xmlProperties" : [ "min-length", "min-length-error-msg", "min-length-error-msg_i18n-key", "validation-regexp", "validation-regexp-error-msg", "validation-regexp-error-msg_i18n-key", "validation-mask", "validation-mask-error-msg", "validation-mask-error-msg_i18n-key" ],
        "childShapes" : [ ],
        "bounds" : {
          "lowerRight" : {
            "x" : 463.79999999999995,
            "y" : 292
          },
          "upperLeft" : {
            "x" : 15,
            "y" : 244
          }
        },
        "properties" : {
          "id" : "cloud-text7",
          "notes" : "",
          "width" : "200",
          "height" : "",
          "col" : 1,
          "col-align" : "fill",
          "col-weight" : "",
          "row" : 4,
          "row-align" : "top",
          "row-weight" : "",
          "enabled" : true,
          "enabled-run" : "",
          "size" : 12,
          "label-align" : "top-left",
          "description-position" : "bottom",
          "description-align" : "left",
          "node-type" : "",
          "label" : "Name",
          "label_i18n-key" : "",
          "label-position" : "top",
          "value" : "{{projectName}}",
          "description" : "",
          "description_i18n-key" : "",
          "documentation" : "",
          "col-span" : "1",
          "visible" : true,
          "visible-run" : "{{fullVersion}}",
          "editable" : true,
          "editable-run" : "",
          "style-class" : "",
          "required" : false,
          "required-run" : "",
          "min-length" : "",
          "min-length-error-msg" : "",
          "min-length-error-msg_i18n-key" : "",
          "max-length" : "",
          "max-length-error-msg" : "",
          "max-length-error-msg_i18n-key" : "",
          "bordercolor" : "#000000",
          "validation-regexp" : "",
          "validation-regexp-error-msg" : "",
          "validation-regexp-error-msg_i18n-key" : "",
          "validation-mask" : "",
          "validation-mask-error-msg" : "",
          "validation-mask-error-msg_i18n-key" : "",
          "default-value" : "",
          "customstencilid" : "cloud-text",
          "customnamespace" : "http://b3mn.org/stencilset/default.form.palette.xml#",
          "xmlTag" : "text"
        },
        "ssextensions" : [ ],
        "outgoing" : [ ],
        "dockers" : [ ],
        "labels" : [ {
          "styles" : {
            "fill" : "#000000",
            "size" : "12",
            "italic" : false,
            "bold" : false
          },
          "ref" : "label_text"
        }, {
          "styles" : {
            "fill" : "#000000",
            "size" : "12",
            "italic" : false,
            "bold" : false
          },
          "ref" : "input_text"
        }, {
          "styles" : {
            "fill" : "#000000",
            "size" : "12",
            "italic" : false,
            "bold" : false
          },
          "ref" : "desc_text"
        } ]
      }, {
        "resourceId" : "cloud-text8",
        "stencil" : {
          "id" : "Component"
        },
        "pathProperties" : {
          "id" : "id",
          "description-position" : "helpMessage.position",
          "label" : "label",
          "label_i18n-key" : "label",
          "label-position" : "labelAlign",
          "value" : "value",
          "description" : "helpMessage.text",
          "description_i18n-key" : "helpMessage.text",
          "col-span" : "size",
          "visible" : "isVisible",
          "visible-run" : "isVisible",
          "editable" : "editable",
          "editable-run" : "editable",
          "style-class" : "styleClass",
          "required" : "isRequired",
          "required-run" : "isRequired",
          "min-length" : "minLength",
          "min-length-error-msg" : "validationMinLengthErrorMessage",
          "min-length-error-msg_i18n-key" : "validationMinLengthErrorMessage",
          "max-length" : "maxLength",
          "max-length-error-msg" : "validationMaxLengthErrorMessage",
          "max-length-error-msg_i18n-key" : "validationMaxLengthErrorMessage",
          "validation-regexp" : "validationRegExp",
          "validation-regexp-error-msg" : "validationRegExpErrorMessage",
          "validation-regexp-error-msg_i18n-key" : "validationRegExpErrorMessage",
          "validation-mask" : "validationMask",
          "validation-mask-error-msg" : "validationMaskErrorMessage",
          "validation-mask-error-msg_i18n-key" : "validationMaskErrorMessage",
          "default-value" : "defaultValue"
        },
        "xmlProperties" : [ "min-length", "min-length-error-msg", "min-length-error-msg_i18n-key", "validation-regexp", "validation-regexp-error-msg", "validation-regexp-error-msg_i18n-key", "validation-mask", "validation-mask-error-msg", "validation-mask-error-msg_i18n-key" ],
        "childShapes" : [ ],
        "bounds" : {
          "lowerRight" : {
            "x" : 463.79999999999995,
            "y" : 365
          },
          "upperLeft" : {
            "x" : 15,
            "y" : 317
          }
        },
        "properties" : {
          "id" : "cloud-text8",
          "notes" : "",
          "width" : "200",
          "height" : "",
          "col" : 1,
          "col-align" : "fill",
          "col-weight" : "",
          "row" : 5,
          "row-align" : "top",
          "row-weight" : "",
          "enabled" : true,
          "enabled-run" : "",
          "size" : 12,
          "label-align" : "top-left",
          "description-position" : "bottom",
          "description-align" : "left",
          "node-type" : "",
          "label" : "Description",
          "label_i18n-key" : "",
          "label-position" : "top",
          "value" : "{{projectDescription}}",
          "description" : "",
          "description_i18n-key" : "",
          "documentation" : "",
          "col-span" : "1",
          "visible" : false,
          "visible-run" : "{{fullVersion}}",
          "editable" : true,
          "editable-run" : "",
          "style-class" : "",
          "required" : false,
          "required-run" : "",
          "min-length" : "",
          "min-length-error-msg" : "",
          "min-length-error-msg_i18n-key" : "",
          "max-length" : "",
          "max-length-error-msg" : "",
          "max-length-error-msg_i18n-key" : "",
          "bordercolor" : "#000000",
          "validation-regexp" : "",
          "validation-regexp-error-msg" : "",
          "validation-regexp-error-msg_i18n-key" : "",
          "validation-mask" : "",
          "validation-mask-error-msg" : "",
          "validation-mask-error-msg_i18n-key" : "",
          "default-value" : "",
          "customstencilid" : "cloud-text",
          "customnamespace" : "http://b3mn.org/stencilset/default.form.palette.xml#",
          "xmlTag" : "text"
        },
        "ssextensions" : [ ],
        "outgoing" : [ ],
        "dockers" : [ ],
        "labels" : [ {
          "styles" : {
            "fill" : "#000000",
            "size" : "12",
            "italic" : false,
            "bold" : false
          },
          "ref" : "label_text"
        }, {
          "styles" : {
            "fill" : "#000000",
            "size" : "12",
            "italic" : false,
            "bold" : false
          },
          "ref" : "input_text"
        }, {
          "styles" : {
            "fill" : "#000000",
            "size" : "12",
            "italic" : false,
            "bold" : false
          },
          "ref" : "desc_text"
        } ]
      }, {
        "resourceId" : "cloud-text9",
        "stencil" : {
          "id" : "Component"
        },
        "pathProperties" : {
          "id" : "id",
          "description-position" : "helpMessage.position",
          "label" : "label",
          "label_i18n-key" : "label",
          "label-position" : "labelAlign",
          "value" : "value",
          "description" : "helpMessage.text",
          "description_i18n-key" : "helpMessage.text",
          "col-span" : "size",
          "visible" : "isVisible",
          "visible-run" : "isVisible",
          "editable" : "editable",
          "editable-run" : "editable",
          "style-class" : "styleClass",
          "required" : "isRequired",
          "required-run" : "isRequired",
          "min-length" : "minLength",
          "min-length-error-msg" : "validationMinLengthErrorMessage",
          "min-length-error-msg_i18n-key" : "validationMinLengthErrorMessage",
          "max-length" : "maxLength",
          "max-length-error-msg" : "validationMaxLengthErrorMessage",
          "max-length-error-msg_i18n-key" : "validationMaxLengthErrorMessage",
          "validation-regexp" : "validationRegExp",
          "validation-regexp-error-msg" : "validationRegExpErrorMessage",
          "validation-regexp-error-msg_i18n-key" : "validationRegExpErrorMessage",
          "validation-mask" : "validationMask",
          "validation-mask-error-msg" : "validationMaskErrorMessage",
          "validation-mask-error-msg_i18n-key" : "validationMaskErrorMessage",
          "default-value" : "defaultValue"
        },
        "xmlProperties" : [ "min-length", "min-length-error-msg", "min-length-error-msg_i18n-key", "validation-regexp", "validation-regexp-error-msg", "validation-regexp-error-msg_i18n-key", "validation-mask", "validation-mask-error-msg", "validation-mask-error-msg_i18n-key" ],
        "childShapes" : [ ],
        "bounds" : {
          "lowerRight" : {
            "x" : 463.79999999999995,
            "y" : 438
          },
          "upperLeft" : {
            "x" : 15,
            "y" : 390
          }
        },
        "properties" : {
          "id" : "cloud-text9",
          "notes" : "",
          "width" : "200",
          "height" : "",
          "col" : 1,
          "col-align" : "fill",
          "col-weight" : "",
          "row" : 6,
          "row-align" : "top",
          "row-weight" : "",
          "enabled" : true,
          "enabled-run" : "",
          "size" : 12,
          "label-align" : "top-left",
          "description-position" : "bottom",
          "description-align" : "left",
          "node-type" : "",
          "label" : "Package Name",
          "label_i18n-key" : "",
          "label-position" : "top",
          "value" : "{{packageName}}",
          "description" : "",
          "description_i18n-key" : "",
          "documentation" : "",
          "col-span" : "1",
          "visible" : false,
          "visible-run" : "{{fullVersion}}",
          "editable" : true,
          "editable-run" : "",
          "style-class" : "",
          "required" : false,
          "required-run" : "",
          "min-length" : "",
          "min-length-error-msg" : "",
          "min-length-error-msg_i18n-key" : "",
          "max-length" : "",
          "max-length-error-msg" : "",
          "max-length-error-msg_i18n-key" : "",
          "bordercolor" : "#000000",
          "validation-regexp" : "",
          "validation-regexp-error-msg" : "",
          "validation-regexp-error-msg_i18n-key" : "",
          "validation-mask" : "",
          "validation-mask-error-msg" : "",
          "validation-mask-error-msg_i18n-key" : "",
          "default-value" : "",
          "customstencilid" : "cloud-text",
          "customnamespace" : "http://b3mn.org/stencilset/default.form.palette.xml#",
          "xmlTag" : "text"
        },
        "ssextensions" : [ ],
        "outgoing" : [ ],
        "dockers" : [ ],
        "labels" : [ {
          "styles" : {
            "fill" : "#000000",
            "size" : "12",
            "italic" : false,
            "bold" : false
          },
          "ref" : "label_text"
        }, {
          "styles" : {
            "fill" : "#000000",
            "size" : "12",
            "italic" : false,
            "bold" : false
          },
          "ref" : "input_text"
        }, {
          "styles" : {
            "fill" : "#000000",
            "size" : "12",
            "italic" : false,
            "bold" : false
          },
          "ref" : "desc_text"
        } ]
      }, {
        "resourceId" : "cloud-select4",
        "stencil" : {
          "id" : "Component"
        },
        "pathProperties" : {
          "id" : "id",
          "description-position" : "helpMessage.position",
          "label" : "label",
          "label_i18n-key" : "label",
          "label-position" : "labelAlign",
          "value" : "value",
          "default-value" : "defaultValue",
          "description" : "helpMessage.text",
          "description_i18n-key" : "helpMessage.text",
          "col-span" : "size",
          "visible" : "isVisible",
          "visible-run" : "isVisible",
          "editable" : "editable",
          "editable-run" : "editable",
          "style-class" : "styleClass",
          "required" : "isRequired",
          "required-run" : "isRequired",
          "options" : "extraSettings.options",
          "options_i18n-key" : "extraSettings.options",
          "selection-error-msg" : "extraSettings.selectionErrorMsg",
          "selection-error-msg_i18n-key" : "extraSettings.selectionErrorMsg"
        },
        "xmlProperties" : [ ],
        "childShapes" : [ ],
        "bounds" : {
          "lowerRight" : {
            "x" : 463.79999999999995,
            "y" : 511
          },
          "upperLeft" : {
            "x" : 15,
            "y" : 463
          }
        },
        "outputmappingproperties" : {
          "options" : {
            "type" : "complex",
            "placeholders" : [ ]
          }
        },
        "properties" : {
          "id" : "cloud-select4",
          "notes" : "",
          "width" : "200",
          "height" : "",
          "col" : 1,
          "col-align" : "fill",
          "col-weight" : "",
          "row" : 7,
          "row-align" : "top",
          "row-weight" : "",
          "enabled" : true,
          "enabled-run" : "",
          "size" : 12,
          "label-align" : "top-left",
          "description-position" : "bottom",
          "description-align" : "left",
          "node-type" : "",
          "label" : "Packaging",
          "label_i18n-key" : "",
          "label-position" : "top",
          "value" : "{{packaging}}",
          "default-value" : "",
          "description" : "",
          "description_i18n-key" : "",
          "documentation" : "",
          "col-span" : "1",
          "visible" : false,
          "visible-run" : "{{fullVersion}}",
          "editable" : true,
          "editable-run" : "",
          "style-class" : "",
          "required" : false,
          "required-run" : "",
          "bordercolor" : "#000000",
          "options" : "{\"totalCount\":2,\"items\":[{\"name\":\"War\",\"value\":\"war\"},{\"name\":\"Jar\",\"value\":\"jar\"}]}",
          "options_i18n-key" : "",
          "selection-error-msg" : "",
          "selection-error-msg_i18n-key" : "",
          "retain-leading-zeroes" : true,
          "customstencilid" : "cloud-select",
          "customnamespace" : "http://b3mn.org/stencilset/default.form.palette.xml#",
          "xmlTag" : "select"
        },
        "ssextensions" : [ ],
        "outgoing" : [ ],
        "dockers" : [ ],
        "labels" : [ {
          "styles" : {
            "fill" : "#000000",
            "size" : "12",
            "italic" : false,
            "bold" : false
          },
          "ref" : "label_text"
        }, {
          "styles" : {
            "fill" : "#000000",
            "size" : "12",
            "italic" : false,
            "bold" : false
          },
          "ref" : "input_text"
        }, {
          "styles" : {
            "fill" : "#000000",
            "size" : "12",
            "italic" : false,
            "bold" : false
          },
          "ref" : "desc_text"
        } ]
      }, {
        "resourceId" : "cloud-select5",
        "stencil" : {
          "id" : "Component"
        },
        "pathProperties" : {
          "id" : "id",
          "description-position" : "helpMessage.position",
          "label" : "label",
          "label_i18n-key" : "label",
          "label-position" : "labelAlign",
          "value" : "value",
          "default-value" : "defaultValue",
          "description" : "helpMessage.text",
          "description_i18n-key" : "helpMessage.text",
          "col-span" : "size",
          "visible" : "isVisible",
          "visible-run" : "isVisible",
          "editable" : "editable",
          "editable-run" : "editable",
          "style-class" : "styleClass",
          "required" : "isRequired",
          "required-run" : "isRequired",
          "options" : "extraSettings.options",
          "options_i18n-key" : "extraSettings.options",
          "selection-error-msg" : "extraSettings.selectionErrorMsg",
          "selection-error-msg_i18n-key" : "extraSettings.selectionErrorMsg"
        },
        "xmlProperties" : [ ],
        "childShapes" : [ ],
        "bounds" : {
          "lowerRight" : {
            "x" : 463.79999999999995,
            "y" : 584
          },
          "upperLeft" : {
            "x" : 15,
            "y" : 536
          }
        },
        "outputmappingproperties" : {
          "options" : {
            "type" : "complex",
            "placeholders" : [ ]
          }
        },
        "properties" : {
          "id" : "cloud-select5",
          "notes" : "",
          "width" : "200",
          "height" : "",
          "col" : 1,
          "col-align" : "fill",
          "col-weight" : "",
          "row" : 8,
          "row-align" : "top",
          "row-weight" : "",
          "enabled" : true,
          "enabled-run" : "",
          "size" : 12,
          "label-align" : "top-left",
          "description-position" : "bottom",
          "description-align" : "left",
          "node-type" : "",
          "label" : "Java Version",
          "label_i18n-key" : "",
          "label-position" : "top",
          "value" : "{{javaVersion}}",
          "default-value" : "",
          "description" : "",
          "description_i18n-key" : "",
          "documentation" : "",
          "col-span" : "1",
          "visible" : false,
          "visible-run" : "{{fullVersion}}",
          "editable" : true,
          "editable-run" : "",
          "style-class" : "",
          "required" : false,
          "required-run" : "",
          "bordercolor" : "#000000",
          "options" : "{\"totalCount\":2,\"items\":[{\"name\":\"1.8\",\"value\":\"1.8\"},{\"name\":\"1.7\",\"value\":\"1.7\"}]}",
          "options_i18n-key" : "",
          "selection-error-msg" : "",
          "selection-error-msg_i18n-key" : "",
          "retain-leading-zeroes" : true,
          "customstencilid" : "cloud-select",
          "customnamespace" : "http://b3mn.org/stencilset/default.form.palette.xml#",
          "xmlTag" : "select"
        },
        "ssextensions" : [ ],
        "outgoing" : [ ],
        "dockers" : [ ],
        "labels" : [ {
          "styles" : {
            "fill" : "#000000",
            "size" : "12",
            "italic" : false,
            "bold" : false
          },
          "ref" : "label_text"
        }, {
          "styles" : {
            "fill" : "#000000",
            "size" : "12",
            "italic" : false,
            "bold" : false
          },
          "ref" : "input_text"
        }, {
          "styles" : {
            "fill" : "#000000",
            "size" : "12",
            "italic" : false,
            "bold" : false
          },
          "ref" : "desc_text"
        } ]
      }, {
        "resourceId" : "cloud-checkbox1",
        "stencil" : {
          "id" : "Component"
        },
        "pathProperties" : {
          "id" : "id",
          "description-position" : "helpMessage.position",
          "label" : "label",
          "label_i18n-key" : "label",
          "value" : "value",
          "description" : "helpMessage.text",
          "description_i18n-key" : "helpMessage.text",
          "col-span" : "size",
          "visible" : "isVisible",
          "visible-run" : "isVisible",
          "editable" : "editable",
          "editable-run" : "editable",
          "style-class" : "styleClass",
          "required" : "isRequired",
          "required-run" : "isRequired",
          "node-type" : "type",
          "default-value" : "defaultValue",
          "label-position" : "labelAlign"
        },
        "xmlProperties" : [ ],
        "childShapes" : [ ],
        "bounds" : {
          "lowerRight" : {
            "x" : 463.79999999999995,
            "y" : 635
          },
          "upperLeft" : {
            "x" : 15,
            "y" : 609
          }
        },
        "properties" : {
          "id" : "cloud-checkbox1",
          "notes" : "",
          "width" : "200",
          "height" : "",
          "col" : 1,
          "col-align" : "fill",
          "col-weight" : "",
          "row" : 9,
          "row-align" : "top",
          "row-weight" : "",
          "enabled" : true,
          "enabled-run" : "",
          "size" : 12,
          "label-align" : "top-left",
          "description-position" : "bottom",
          "description-align" : "left",
          "label" : "Show the full version",
          "label_i18n-key" : "",
          "value" : "{{fullVersion}}",
          "description" : "",
          "description_i18n-key" : "",
          "documentation" : "",
          "col-span" : "1",
          "visible" : true,
          "visible-run" : "",
          "editable" : true,
          "editable-run" : "",
          "style-class" : "",
          "required" : false,
          "required-run" : "",
          "bordercolor" : "#000000",
          "node-type" : "boolean",
          "default-value" : false,
          "label-position" : "left",
          "customstencilid" : "cloud-checkbox",
          "customnamespace" : "http://b3mn.org/stencilset/default.form.palette.xml#",
          "xmlTag" : "boolean"
        },
        "ssextensions" : [ ],
        "outgoing" : [ ],
        "dockers" : [ ],
        "labels" : [ {
          "styles" : {
            "fill" : "#000000",
            "size" : "12",
            "italic" : false,
            "bold" : false
          },
          "ref" : "label_text"
        }, {
          "styles" : {
            "fill" : "#000000",
            "size" : "12",
            "italic" : false,
            "bold" : false
          },
          "ref" : "input_text"
        }, {
          "styles" : {
            "fill" : "#000000",
            "size" : "12",
            "italic" : false,
            "bold" : false
          },
          "ref" : "input_dependent_text"
        }, {
          "styles" : {
            "fill" : "#000000",
            "size" : "12",
            "italic" : false,
            "bold" : false
          },
          "ref" : "desc_text"
        } ]
      } ],
      "bounds" : {
        "lowerRight" : {
          "x" : 493.79999999999995,
          "y" : 805
        },
        "upperLeft" : {
          "x" : 15,
          "y" : 147
        }
      },
      "properties" : {
        "width" : "200",
        "notes" : "",
        "height" : "",
        "col" : 1,
        "col-align" : "fill",
        "col-weight" : "",
        "row" : 3,
        "row-align" : "top",
        "row-weight" : "",
        "enabled" : true,
        "enabled-run" : "",
        "size" : 6,
        "label-align" : "top-left",
        "description-position" : "bottom",
        "description-align" : "left",
        "node-type" : "",
        "visible" : true,
        "visible-run" : "",
        "style-class" : "",
        "id" : "cloud-sub-panel1",
        "col-span" : "1",
        "default-value" : "",
        "options" : "",
        "editable" : true,
        "editable-run" : "",
        "required" : false,
        "required-run" : "",
        "value" : "",
        "description" : "",
        "description_i18n-key" : "",
        "documentation" : "",
        "label-position" : "",
        "label" : "",
        "label_i18n-key" : "",
        "collapsible" : false,
        "collapsed" : false,
        "collapsed-run" : "",
        "show-border" : false,
        "customstencilid" : "cloud-sub-panel",
        "customnamespace" : "http://b3mn.org/stencilset/default.form.palette.xml#",
        "xmlTag" : "panel"
      },
      "ssextensions" : [ ],
      "outgoing" : [ ],
      "dockers" : [ ]
    }, {
      "resourceId" : "cloud-sub-panel3",
      "stencil" : {
        "id" : "SubSlotPanel"
      },
      "pathProperties" : {
        "description-position" : "helpMessage.position",
        "visible" : "isVisible",
        "visible-run" : "isVisible",
        "style-class" : "styleClass",
        "id" : "id",
        "col-span" : "size",
        "default-value" : "defaultValue",
        "editable" : "editable",
        "editable-run" : "editable",
        "required" : "isRequired",
        "required-run" : "isRequired",
        "value" : "value",
        "description" : "helpMessage.text",
        "description_i18n-key" : "helpMessage.text",
        "label-position" : "labelAlign",
        "label" : "label",
        "label_i18n-key" : "label",
        "collapsible" : "extraSettings.isCollapsible",
        "collapsed" : "extraSettings.collapsed",
        "collapsed-run" : "extraSettings.collapsed",
        "show-border" : "extraSettings.showBorder"
      },
      "xmlProperties" : [ ],
      "childShapes" : [ {
        "resourceId" : "cloud-html-component3",
        "stencil" : {
          "id" : "HtmlComponent"
        },
        "pathProperties" : {
          "id" : "id",
          "description-position" : "helpMessage.position",
          "label-position" : "labelAlign",
          "description" : "helpMessage.text",
          "description_i18n-key" : "helpMessage.text",
          "col-span" : "size",
          "visible" : "isVisible",
          "visible-run" : "isVisible",
          "style-class" : "styleClass",
          "editable" : "editable",
          "editable-run" : "editable",
          "required" : "isRequired",
          "required-run" : "isRequired",
          "label" : "label",
          "label_i18n-key" : "label",
          "default-value" : "defaultValue",
          "value" : "value",
          "value_i18n-key" : "value",
          "border" : "extraSettings.border"
        },
        "xmlProperties" : [ ],
        "childShapes" : [ ],
        "bounds" : {
          "lowerRight" : {
            "x" : 463.79999999999995,
            "y" : 75
          },
          "upperLeft" : {
            "x" : 15,
            "y" : 25
          }
        },
        "properties" : {
          "id" : "cloud-html-component3",
          "notes" : "",
          "width" : "200",
          "height" : "",
          "col" : 1,
          "col-align" : "fill",
          "col-weight" : "",
          "row" : 1,
          "row-align" : "top",
          "row-weight" : "",
          "enabled" : true,
          "enabled-run" : "",
          "size" : 12,
          "label-align" : "top-left",
          "description-position" : "bottom",
          "description-align" : "left",
          "node-type" : "",
          "label-position" : "left",
          "description" : "",
          "description_i18n-key" : "",
          "documentation" : "",
          "col-span" : "1",
          "visible" : true,
          "visible-run" : "",
          "style-class" : "",
          "bordercolor" : "#000000",
          "editable" : false,
          "editable-run" : "",
          "required" : false,
          "required-run" : "",
          "label" : "",
          "label_i18n-key" : "",
          "default-value" : "",
          "value" : "<div>\n\t<h2>Addons</h2>\n\t<p>Add edoras one addons to your application</p>\n</div>",
          "value_i18n-key" : "",
          "border" : false,
          "customstencilid" : "cloud-html-component",
          "customnamespace" : "http://b3mn.org/stencilset/default.form.palette.xml#",
          "xmlTag" : "htmlComponent"
        },
        "ssextensions" : [ ],
        "outgoing" : [ ],
        "dockers" : [ ],
        "labels" : [ {
          "styles" : {
            "fill" : "#000000",
            "size" : "12",
            "italic" : false,
            "bold" : false
          },
          "ref" : "label_text"
        }, {
          "styles" : {
            "fill" : "#000000",
            "size" : "12",
            "italic" : false,
            "bold" : false
          },
          "ref" : "input_text"
        }, {
          "styles" : {
            "fill" : "#000000",
            "size" : "12",
            "italic" : false,
            "bold" : false
          },
          "ref" : "desc_text"
        } ]
      }, {
        "resourceId" : "cloud-static-auto-complete1",
        "stencil" : {
          "id" : "Component"
        },
        "pathProperties" : {
          "id" : "id",
          "description-position" : "helpMessage.position",
          "label" : "label",
          "label_i18n-key" : "label",
          "label-position" : "labelAlign",
          "value" : "value",
          "default-value" : "defaultValue",
          "description" : "helpMessage.text",
          "description_i18n-key" : "helpMessage.text",
          "col-span" : "size",
          "visible" : "isVisible",
          "visible-run" : "isVisible",
          "editable" : "editable",
          "editable-run" : "editable",
          "style-class" : "styleClass",
          "required" : "isRequired",
          "required-run" : "isRequired",
          "tags-enabled" : "extraSettings.tagsEnabled",
          "format-item" : "extraSettings.formatItem",
          "format-item_i18n-key" : "extraSettings.formatItem",
          "preselect-all" : "extraSettings.preselectAll",
          "selection-error-msg" : "extraSettings.selectionErrorMsg",
          "selection-error-msg_i18n-key" : "extraSettings.selectionErrorMsg",
          "min-error-msg" : "extraSettings.minErrorMsg",
          "min-error-msg_i18n-key" : "extraSettings.minErrorMsg",
          "max-error-msg" : "extraSettings.maxErrorMsg",
          "max-error-msg_i18n-key" : "extraSettings.maxErrorMsg",
          "min-items" : "extraSettings.min",
          "min-items-run" : "extraSettings.min",
          "max-items" : "extraSettings.max",
          "max-items-run" : "extraSettings.max",
          "serialize-item" : "extraSettings.serializeItem",
          "options" : "extraSettings.options",
          "options_i18n-key" : "extraSettings.options",
          "auto-complete-type" : "extraSettings.type",
          "lookup-url" : "extraSettings.lookupUrl",
          "query-url" : "extraSettings.queryUrl",
          "link-item" : "extraSettings.linkItem",
          "target" : "extraSettings.target"
        },
        "xmlProperties" : [ "tags-enabled", "format-item", "format-item_i18n-key", "preselect-all", "serialize-item", "auto-complete-type", "lookup-url", "query-url", "link-item", "target" ],
        "childShapes" : [ ],
        "bounds" : {
          "lowerRight" : {
            "x" : 463.79999999999995,
            "y" : 146
          },
          "upperLeft" : {
            "x" : 15,
            "y" : 98
          }
        },
        "outputmappingproperties" : {
          "options" : {
            "type" : "complex",
            "placeholders" : [ ]
          }
        },
        "properties" : {
          "id" : "cloud-static-auto-complete1",
          "notes" : "",
          "width" : "200",
          "height" : "",
          "col" : 1,
          "col-align" : "fill",
          "col-weight" : "",
          "row" : 2,
          "row-align" : "top",
          "row-weight" : "",
          "enabled" : true,
          "enabled-run" : "",
          "size" : 12,
          "label-align" : "top-left",
          "description-position" : "bottom",
          "description-align" : "left",
          "label" : "Selected Addons",
          "label_i18n-key" : "",
          "label-position" : "top",
          "value" : "{{addons}}",
          "default-value" : "",
          "description" : "",
          "description_i18n-key" : "",
          "documentation" : "",
          "col-span" : "1",
          "visible" : true,
          "visible-run" : "",
          "editable" : true,
          "editable-run" : "",
          "style-class" : "",
          "required" : false,
          "required-run" : "",
          "bordercolor" : "#000000",
          "tags-enabled" : true,
          "format-item" : "",
          "format-item_i18n-key" : "",
          "preselect-all" : false,
          "selection-error-msg" : "",
          "selection-error-msg_i18n-key" : "",
          "min-error-msg" : "",
          "min-error-msg_i18n-key" : "",
          "max-error-msg" : "",
          "max-error-msg_i18n-key" : "",
          "min-items" : "",
          "min-items-run" : "",
          "max-items" : "",
          "max-items-run" : "",
          "node-type" : "autoComplete",
          "serialize-item" : "",
          "options" : "{\"totalCount\":1,\"items\":[{\"name\":\"External Systems Integration\",\"value\":\"edoras-addon-data\"}]}",
          "options_i18n-key" : "",
          "auto-complete-type" : "static",
          "lookup-url" : "",
          "query-url" : "",
          "link-item" : "",
          "target" : "_blank",
          "retain-leading-zeroes" : true,
          "customstencilid" : "cloud-static-auto-complete",
          "customnamespace" : "http://b3mn.org/stencilset/default.form.palette.xml#",
          "xmlTag" : "autoComplete"
        },
        "ssextensions" : [ ],
        "outgoing" : [ ],
        "dockers" : [ ],
        "labels" : [ {
          "styles" : {
            "fill" : "#000000",
            "size" : "12",
            "italic" : false,
            "bold" : false
          },
          "ref" : "label_text"
        }, {
          "styles" : {
            "fill" : "#000000",
            "size" : "12",
            "italic" : false,
            "bold" : false
          },
          "ref" : "input_text"
        }, {
          "styles" : {
            "fill" : "#000000",
            "size" : "12",
            "italic" : false,
            "bold" : false
          },
          "ref" : "desc_text"
        } ]
      } ],
      "bounds" : {
        "lowerRight" : {
          "x" : 985.8,
          "y" : 318
        },
        "upperLeft" : {
          "x" : 507,
          "y" : 147
        }
      },
      "properties" : {
        "width" : "200",
        "notes" : "",
        "height" : "",
        "col" : 7,
        "col-align" : "fill",
        "col-weight" : "",
        "row" : 3,
        "row-align" : "top",
        "row-weight" : "",
        "enabled" : true,
        "enabled-run" : "",
        "size" : 6,
        "label-align" : "top-left",
        "description-position" : "bottom",
        "description-align" : "left",
        "node-type" : "",
        "visible" : true,
        "visible-run" : "",
        "style-class" : "",
        "id" : "cloud-sub-panel3",
        "col-span" : "1",
        "default-value" : "",
        "options" : "",
        "editable" : true,
        "editable-run" : "",
        "required" : false,
        "required-run" : "",
        "value" : "",
        "description" : "",
        "description_i18n-key" : "",
        "documentation" : "",
        "label-position" : "",
        "label" : "",
        "label_i18n-key" : "",
        "collapsible" : false,
        "collapsed" : false,
        "collapsed-run" : "",
        "show-border" : false,
        "customstencilid" : "cloud-sub-panel",
        "customnamespace" : "http://b3mn.org/stencilset/default.form.palette.xml#",
        "xmlTag" : "panel"
      },
      "ssextensions" : [ ],
      "outgoing" : [ ],
      "dockers" : [ ]
    } ],
    "bounds" : {
      "lowerRight" : {
        "x" : 1049,
        "y" : 929
      },
      "upperLeft" : {
        "x" : 50,
        "y" : 50
      }
    },
    "oldResourceId" : "sid-8D9FC954-EB33-4C05-ADF0-5706EF50E974",
    "properties" : {
      "id" : "panel1",
      "notes" : "",
      "width" : "300",
      "xmlTag" : "panel"
    },
    "ssextensions" : [ ],
    "outgoing" : [ ],
    "dockers" : [ ]
  } ],
  "bounds" : {
    "lowerRight" : {
      "x" : 1485,
      "y" : 1050
    },
    "upperLeft" : {
      "x" : 0,
      "y" : 0
    }
  },
  "properties" : {
    "id" : "edoras-5b6617532c83",
    "notes" : "",
    "guid" : "FORM_MODEL-7b079cb6-1250-4ac5-9309-59177f1209b3",
    "stylesheet" : "",
    "xmlTag" : "XForm",
    "name" : "Initializer Generation Form"
  },
  "ssextensions" : [ "http://b3mn.org/stencilset/demo.form.palette.xml#", "http://b3mn.org/stencilset/default.form.palette.xml#" ],
  "stencilset" : {
    "url" : "/vis-editor/static/stencilsets/edorasForms/edorasForms.json",
    "namespace" : "http://b3mn.org/stencilset/xforms#"
  }
}