{
  "_entityClassifier" : "WRK",
  "id" : "WRK(GEAR-7b173a2e-3400-4e6c-b6f8-78cc4e87b8d5)",
  "globalId" : "FORM_MODEL-7b079cb6-1250-4ac5-9309-59177f1209b3",
  "externalId" : "WRK(daeb5661-63c7-4818-8f10-b1d80fe5692d)",
  "providerId" : "com.edorasware.cloud.core.provider.model.FormModelProvider",
  "tenantId" : "11111111-1111-1111-1111-111111111111",
  "name" : "Initializer Generation Form",
  "creationTime" : "2017-06-22T05:48:12.613Z",
  "updateTime" : "2017-06-22T10:02:08.131Z",
  "type" : "FORM_MODEL",
  "modificationVersion" : 51,
  "modificationCreatorId" : "GEAR-8d020b54-fe0a-469d-9a8f-e3686c0e9b97",
  "modificationUpdaterId" : "GEAR-8d020b54-fe0a-469d-9a8f-e3686c0e9b97",
  "definitionId" : "GEAR-22431b88-9209-4e56-9c2e-81065724bd81",
  "state" : "ACTIVE",
  "subState" : "ACTIVE",
  "variables" : [ {
    "name" : "_comment",
    "type" : "java.lang.String",
    "value" : "[{\"author\":\"Administrator\",\"authorId\":\"GEAR-8d020b54-fe0a-469d-9a8f-e3686c0e9b97\",\"date\":\"2017-06-22T05:48:12.648Z\",\"text\":\"Created\",\"deletable\":false,\"replies\":[]},{\"author\":\"Administrator\",\"authorId\":\"GEAR-8d020b54-fe0a-469d-9a8f-e3686c0e9b97\",\"date\":\"2017-06-22T05:51:41.881Z\",\"text\":\"Model edited\",\"deletable\":false,\"replies\":[]},{\"author\":\"Administrator\",\"authorId\":\"GEAR-8d020b54-fe0a-469d-9a8f-e3686c0e9b97\",\"date\":\"2017-06-22T06:02:38.359Z\",\"text\":\"Model edited\",\"deletable\":false,\"replies\":[]},{\"author\":\"Administrator\",\"authorId\":\"GEAR-8d020b54-fe0a-469d-9a8f-e3686c0e9b97\",\"date\":\"2017-06-22T06:06:21.010Z\",\"text\":\"Model edited\",\"deletable\":false,\"replies\":[]},{\"author\":\"Administrator\",\"authorId\":\"GEAR-8d020b54-fe0a-469d-9a8f-e3686c0e9b97\",\"date\":\"2017-06-22T06:10:37.307Z\",\"text\":\"Model edited\",\"deletable\":false,\"replies\":[]},{\"author\":\"Administrator\",\"authorId\":\"GEAR-8d020b54-fe0a-469d-9a8f-e3686c0e9b97\",\"date\":\"2017-06-22T06:11:26.223Z\",\"text\":\"Model edited\",\"deletable\":false,\"replies\":[]},{\"author\":\"Administrator\",\"authorId\":\"GEAR-8d020b54-fe0a-469d-9a8f-e3686c0e9b97\",\"date\":\"2017-06-22T06:20:30.846Z\",\"text\":\"Model edited\",\"deletable\":false,\"replies\":[]},{\"author\":\"Administrator\",\"authorId\":\"GEAR-8d020b54-fe0a-469d-9a8f-e3686c0e9b97\",\"date\":\"2017-06-22T06:21:09.526Z\",\"text\":\"Model edited\",\"deletable\":false,\"replies\":[]},{\"author\":\"Administrator\",\"authorId\":\"GEAR-8d020b54-fe0a-469d-9a8f-e3686c0e9b97\",\"date\":\"2017-06-22T06:22:35.400Z\",\"text\":\"Model edited\",\"deletable\":false,\"replies\":[]},{\"author\":\"Administrator\",\"authorId\":\"GEAR-8d020b54-fe0a-469d-9a8f-e3686c0e9b97\",\"date\":\"2017-06-22T06:24:15.047Z\",\"text\":\"Model edited\",\"deletable\":false,\"replies\":[]},{\"author\":\"Administrator\",\"authorId\":\"GEAR-8d020b54-fe0a-469d-9a8f-e3686c0e9b97\",\"date\":\"2017-06-22T06:24:40.943Z\",\"text\":\"Model edited\",\"deletable\":false,\"replies\":[]},{\"author\":\"Administrator\",\"authorId\":\"GEAR-8d020b54-fe0a-469d-9a8f-e3686c0e9b97\",\"date\":\"2017-06-22T06:27:07.776Z\",\"text\":\"Model edited\",\"deletable\":false,\"replies\":[]},{\"author\":\"Administrator\",\"authorId\":\"GEAR-8d020b54-fe0a-469d-9a8f-e3686c0e9b97\",\"date\":\"2017-06-22T06:48:44.706Z\",\"text\":\"Model edited\",\"deletable\":false,\"replies\":[]},{\"author\":\"Administrator\",\"authorId\":\"GEAR-8d020b54-fe0a-469d-9a8f-e3686c0e9b97\",\"date\":\"2017-06-22T06:49:19.973Z\",\"text\":\"Model edited\",\"deletable\":false,\"replies\":[]},{\"author\":\"Administrator\",\"authorId\":\"GEAR-8d020b54-fe0a-469d-9a8f-e3686c0e9b97\",\"date\":\"2017-06-22T06:51:10.532Z\",\"text\":\"Model edited\",\"deletable\":false,\"replies\":[]},{\"author\":\"Administrator\",\"authorId\":\"GEAR-8d020b54-fe0a-469d-9a8f-e3686c0e9b97\",\"date\":\"2017-06-22T06:51:44.615Z\",\"text\":\"Model edited\",\"deletable\":false,\"replies\":[]},{\"author\":\"Administrator\",\"authorId\":\"GEAR-8d020b54-fe0a-469d-9a8f-e3686c0e9b97\",\"date\":\"2017-06-22T06:52:10.912Z\",\"text\":\"Model edited\",\"deletable\":false,\"replies\":[]},{\"author\":\"Administrator\",\"authorId\":\"GEAR-8d020b54-fe0a-469d-9a8f-e3686c0e9b97\",\"date\":\"2017-06-22T06:53:33.038Z\",\"text\":\"Model edited\",\"deletable\":false,\"replies\":[]},{\"author\":\"Administrator\",\"authorId\":\"GEAR-8d020b54-fe0a-469d-9a8f-e3686c0e9b97\",\"date\":\"2017-06-22T06:54:10.683Z\",\"text\":\"Model edited\",\"deletable\":false,\"replies\":[]},{\"author\":\"Administrator\",\"authorId\":\"GEAR-8d020b54-fe0a-469d-9a8f-e3686c0e9b97\",\"date\":\"2017-06-22T06:57:21.231Z\",\"text\":\"Deployed\",\"deletable\":false,\"replies\":[]},{\"author\":\"Administrator\",\"authorId\":\"GEAR-8d020b54-fe0a-469d-9a8f-e3686c0e9b97\",\"date\":\"2017-06-22T06:58:39.534Z\",\"text\":\"Model edited\",\"deletable\":false,\"replies\":[]},{\"author\":\"Administrator\",\"authorId\":\"GEAR-8d020b54-fe0a-469d-9a8f-e3686c0e9b97\",\"date\":\"2017-06-22T06:58:48.012Z\",\"text\":\"Deployed\",\"deletable\":false,\"replies\":[]},{\"author\":\"Administrator\",\"authorId\":\"GEAR-8d020b54-fe0a-469d-9a8f-e3686c0e9b97\",\"date\":\"2017-06-22T07:47:08.167Z\",\"text\":\"Model edited\",\"deletable\":false,\"replies\":[]},{\"author\":\"Administrator\",\"authorId\":\"GEAR-8d020b54-fe0a-469d-9a8f-e3686c0e9b97\",\"date\":\"2017-06-22T07:51:17.584Z\",\"text\":\"Deployed\",\"deletable\":false,\"replies\":[]},{\"author\":\"Administrator\",\"authorId\":\"GEAR-8d020b54-fe0a-469d-9a8f-e3686c0e9b97\",\"date\":\"2017-06-22T10:02:08.127Z\",\"text\":\"Deployed\",\"deletable\":false,\"replies\":[]}]"
  }, {
    "name" : "description",
    "type" : null,
    "value" : null
  }, {
    "name" : "key",
    "type" : "java.lang.String",
    "value" : "edoras-5b6617532c83"
  } ],
  "stateUpdateTime" : "2017-06-22T07:51:17.588Z",
  "subStateUpdateTime" : "2017-06-22T07:51:17.588Z",
  "ownerId" : "GEAR-8d020b54-fe0a-469d-9a8f-e3686c0e9b97",
  "assigneeId" : "GEAR-8d020b54-fe0a-469d-9a8f-e3686c0e9b97",
  "initialAssigneeId" : "GEAR-8d020b54-fe0a-469d-9a8f-e3686c0e9b97",
  "previousAssigneeId" : null,
  "assignedGroupId" : null,
  "initialAssignedGroupId" : null,
  "previousAssignedGroupId" : null,
  "candidateUserIds" : [ ],
  "candidateGroupIds" : [ "GEAR-1836589a-e404-47c0-a704-42528bdddea1" ],
  "priority" : null,
  "resubmissionTime" : null,
  "dueTime" : null,
  "assigneeIdUpdateTime" : null,
  "assignedGroupIdUpdateTime" : null,
  "path" : [ "WRK(GEAR-b4d8ff10-4173-482c-87fe-6e9c1b9d39e9)", "WRK(GEAR-7b173a2e-3400-4e6c-b6f8-78cc4e87b8d5)" ]
}