{
  "appFormat" : "1.2",
  "edorasVersion" : "2.0.0-M5",
  "_appVersionId" : "a1be6ca0-abd3-415e-9fd8-bf38b3bc27ea",
  "_revisionHistory" : "[ {\n  \"id\" : \"a1be6ca0-abd3-415e-9fd8-bf38b3bc27ea\",\n  \"host\" : \"http://localhost:8080\",\n  \"userName\" : \"Administrator\",\n  \"changeComment\" : \"Manual download\",\n  \"timestamp\" : \"2017-06-22T10:02:08.333Z\"\n}, {\n  \"id\" : \"84685800-8a4d-41ba-8386-ed58ed19ae4c\",\n  \"host\" : \"http://localhost:8080\",\n  \"userName\" : \"Administrator\",\n  \"changeComment\" : \"Manual download\",\n  \"timestamp\" : \"2017-06-22T07:54:04.433Z\"\n} ]"
}