{
  "_entityClassifier" : "WRK",
  "id" : "WRK(GEAR-b4d8ff10-4173-482c-87fe-6e9c1b9d39e9)",
  "globalId" : "APP_MODEL-cdbe2adc-bb1a-4f02-8679-45b1200bd0f5",
  "externalId" : "WRK(a9025238-090d-40a0-b5db-3ebe5d74b747)",
  "providerId" : "com.edorasware.cloud.core.provider.model.AppModelProvider",
  "tenantId" : "11111111-1111-1111-1111-111111111111",
  "name" : "Initializer",
  "creationTime" : "2017-06-22T05:47:22.746Z",
  "updateTime" : "2017-06-22T10:02:08.344Z",
  "type" : "APP_MODEL",
  "modificationVersion" : 21,
  "modificationCreatorId" : "GEAR-8d020b54-fe0a-469d-9a8f-e3686c0e9b97",
  "modificationUpdaterId" : "GEAR-8d020b54-fe0a-469d-9a8f-e3686c0e9b97",
  "definitionId" : "GEAR-5de3663b-22e6-409a-ac03-3d054c001b83",
  "state" : "ACTIVE",
  "subState" : "ACTIVE",
  "variables" : [ {
    "name" : "_appVersionId",
    "type" : "java.lang.String",
    "value" : "a1be6ca0-abd3-415e-9fd8-bf38b3bc27ea"
  }, {
    "name" : "_appVersionTimestamp",
    "type" : "java.util.Date",
    "value" : "2017-06-22T10:02:08.333Z"
  }, {
    "name" : "_comment",
    "type" : "java.lang.String",
    "value" : "[{\"author\":\"Administrator\",\"authorId\":\"GEAR-8d020b54-fe0a-469d-9a8f-e3686c0e9b97\",\"date\":\"2017-06-22T05:47:22.778Z\",\"text\":\"Created\",\"deletable\":false,\"replies\":[]},{\"author\":\"Administrator\",\"authorId\":\"GEAR-8d020b54-fe0a-469d-9a8f-e3686c0e9b97\",\"date\":\"2017-06-22T06:57:21.154Z\",\"text\":\"Edited: <br><table><tr><th>Name</th><th>Old value</th><th>New value</th></tr><tr><td>owner</td><td></td><td>{id=GEAR-8d020b54-fe0a-469d-9a8f-e3686c0e9b97, title=Administrator, value=GEAR-8...</td></tr><tr><td>assignee</td><td></td><td>{id=GEAR-8d020b54-fe0a-469d-9a8f-e3686c0e9b97, title=Administrator, value=GEAR-8...</td></tr></table><br>\",\"deletable\":false,\"replies\":[]},{\"author\":\"Administrator\",\"authorId\":\"GEAR-8d020b54-fe0a-469d-9a8f-e3686c0e9b97\",\"date\":\"2017-06-22T06:57:21.167Z\",\"text\":\"Model edited\",\"deletable\":false,\"replies\":[]},{\"author\":\"Administrator\",\"authorId\":\"GEAR-8d020b54-fe0a-469d-9a8f-e3686c0e9b97\",\"date\":\"2017-06-22T06:57:21.245Z\",\"text\":\"Deployed\",\"deletable\":false,\"replies\":[]},{\"author\":\"Administrator\",\"authorId\":\"GEAR-8d020b54-fe0a-469d-9a8f-e3686c0e9b97\",\"date\":\"2017-06-22T06:58:47.969Z\",\"text\":\"Model edited\",\"deletable\":false,\"replies\":[]},{\"author\":\"Administrator\",\"authorId\":\"GEAR-8d020b54-fe0a-469d-9a8f-e3686c0e9b97\",\"date\":\"2017-06-22T06:58:48.024Z\",\"text\":\"Deployed\",\"deletable\":false,\"replies\":[]},{\"author\":\"Administrator\",\"authorId\":\"GEAR-8d020b54-fe0a-469d-9a8f-e3686c0e9b97\",\"date\":\"2017-06-22T07:51:17.550Z\",\"text\":\"Model edited\",\"deletable\":false,\"replies\":[]},{\"author\":\"Administrator\",\"authorId\":\"GEAR-8d020b54-fe0a-469d-9a8f-e3686c0e9b97\",\"date\":\"2017-06-22T07:51:17.601Z\",\"text\":\"Deployed\",\"deletable\":false,\"replies\":[]},{\"author\":\"Administrator\",\"authorId\":\"GEAR-8d020b54-fe0a-469d-9a8f-e3686c0e9b97\",\"date\":\"2017-06-22T10:02:07.881Z\",\"text\":\"Model edited\",\"deletable\":false,\"replies\":[]},{\"author\":\"Administrator\",\"authorId\":\"GEAR-8d020b54-fe0a-469d-9a8f-e3686c0e9b97\",\"date\":\"2017-06-22T10:02:08.187Z\",\"text\":\"Deployed\",\"deletable\":false,\"replies\":[]}]"
  }, {
    "name" : "_isModified",
    "type" : "java.lang.Boolean",
    "value" : false
  }, {
    "name" : "_lastActionComment",
    "type" : null,
    "value" : null
  }, {
    "name" : "_revisionHistory",
    "type" : "java.lang.String",
    "value" : "[ {\n  \"id\" : \"a1be6ca0-abd3-415e-9fd8-bf38b3bc27ea\",\n  \"host\" : \"http://localhost:8080\",\n  \"userName\" : \"Administrator\",\n  \"changeComment\" : \"Manual download\",\n  \"timestamp\" : \"2017-06-22T10:02:08.333Z\"\n}, {\n  \"id\" : \"84685800-8a4d-41ba-8386-ed58ed19ae4c\",\n  \"host\" : \"http://localhost:8080\",\n  \"userName\" : \"Administrator\",\n  \"changeComment\" : \"Manual download\",\n  \"timestamp\" : \"2017-06-22T07:54:04.433Z\"\n} ]"
  }, {
    "name" : "assignee",
    "type" : "java.util.Map",
    "value" : {
      "id" : "GEAR-8d020b54-fe0a-469d-9a8f-e3686c0e9b97",
      "title" : "Administrator",
      "value" : "GEAR-8d020b54-fe0a-469d-9a8f-e3686c0e9b97",
      "properties" : {
        "memberGroups" : [ "GEAR-03d3f999-7351-4a22-8cbd-261e7b52465c", "GEAR-c4df5267-6c25-4270-8ad8-3bc14ad696bd", "GEAR-1836589a-e404-47c0-a704-42528bdddea1", "GEAR-be03bf62-1722-4e0a-a433-147eac6d8003", "GEAR-8f627863-cb82-4072-b1fd-c75c818d7b2e", "GEAR-fd767318-8e82-468d-84ce-e34fa6c1c2da" ]
      },
      "name" : "Administrator"
    }
  }, {
    "name" : "description",
    "type" : null,
    "value" : null
  }, {
    "name" : "key",
    "type" : "java.lang.String",
    "value" : "edoras-d4533b6e59a4"
  }, {
    "name" : "mappings",
    "type" : "java.util.Map",
    "value" : {
      "workItemMappings" : [ ],
      "propertyMappings" : [ ]
    }
  }, {
    "name" : "owner",
    "type" : "java.util.Map",
    "value" : {
      "id" : "GEAR-8d020b54-fe0a-469d-9a8f-e3686c0e9b97",
      "title" : "Administrator",
      "value" : "GEAR-8d020b54-fe0a-469d-9a8f-e3686c0e9b97",
      "properties" : {
        "memberGroups" : [ "GEAR-03d3f999-7351-4a22-8cbd-261e7b52465c", "GEAR-c4df5267-6c25-4270-8ad8-3bc14ad696bd", "GEAR-1836589a-e404-47c0-a704-42528bdddea1", "GEAR-be03bf62-1722-4e0a-a433-147eac6d8003", "GEAR-8f627863-cb82-4072-b1fd-c75c818d7b2e", "GEAR-fd767318-8e82-468d-84ce-e34fa6c1c2da" ]
      },
      "name" : "Administrator"
    }
  }, {
    "name" : "primaryLanguage",
    "type" : null,
    "value" : null
  }, {
    "name" : "secondaryLanguages",
    "type" : "java.util.List",
    "value" : [ ]
  } ],
  "stateUpdateTime" : "2017-06-22T10:02:08.195Z",
  "subStateUpdateTime" : "2017-06-22T10:02:08.195Z",
  "ownerId" : "GEAR-8d020b54-fe0a-469d-9a8f-e3686c0e9b97",
  "assigneeId" : "GEAR-8d020b54-fe0a-469d-9a8f-e3686c0e9b97",
  "initialAssigneeId" : "GEAR-8d020b54-fe0a-469d-9a8f-e3686c0e9b97",
  "previousAssigneeId" : null,
  "assignedGroupId" : null,
  "initialAssignedGroupId" : null,
  "previousAssignedGroupId" : null,
  "candidateUserIds" : [ ],
  "candidateGroupIds" : [ "GEAR-1836589a-e404-47c0-a704-42528bdddea1" ],
  "priority" : null,
  "resubmissionTime" : null,
  "dueTime" : null,
  "assigneeIdUpdateTime" : null,
  "assignedGroupIdUpdateTime" : null,
  "path" : [ "WRK(GEAR-b4d8ff10-4173-482c-87fe-6e9c1b9d39e9)" ]
}