{
  "_entityClassifier" : "WRK",
  "id" : "WRK(GEAR-e51cef3b-d3b6-46c7-bd07-8526dbd1fdc4)",
  "globalId" : "CASE_MODEL-94951c9c-2f49-40d2-8432-8a52ac817c71",
  "externalId" : "WRK(96f5d16c-afa7-4b35-90e2-b78dcd13af71)",
  "providerId" : "com.edorasware.cloud.core.provider.model.CaseModelProvider",
  "tenantId" : "11111111-1111-1111-1111-111111111111",
  "name" : "Initializer Test Case",
  "creationTime" : "2017-06-22T13:05:00.132Z",
  "updateTime" : "2017-06-22T13:56:35.363Z",
  "type" : "CASE_MODEL",
  "modificationVersion" : 9,
  "modificationCreatorId" : "GEAR-1e3ef580-5371-4177-8cc4-0a62afafc75a",
  "modificationUpdaterId" : "GEAR-1e3ef580-5371-4177-8cc4-0a62afafc75a",
  "definitionId" : "GEAR-0951ccd5-c7bf-4d37-a411-a00a55bbd692",
  "state" : "ACTIVE",
  "subState" : "ACTIVE",
  "variables" : [ {
    "name" : "_comment",
    "type" : "java.lang.String",
    "value" : "[{\"author\":\"Administrator\",\"authorId\":\"GEAR-1e3ef580-5371-4177-8cc4-0a62afafc75a\",\"date\":\"2017-06-22T13:05:00.304Z\",\"text\":\"Model edited with comment:<div><br>Imported</div>\",\"deletable\":false,\"replies\":[]},{\"author\":\"Administrator\",\"authorId\":\"GEAR-1e3ef580-5371-4177-8cc4-0a62afafc75a\",\"date\":\"2017-06-22T13:05:00.350Z\",\"text\":\"Imported\",\"deletable\":false,\"replies\":[]},{\"author\":\"Administrator\",\"authorId\":\"GEAR-1e3ef580-5371-4177-8cc4-0a62afafc75a\",\"date\":\"2017-06-22T13:33:14.123Z\",\"text\":\"Deployed\",\"deletable\":false,\"replies\":[]},{\"author\":\"Administrator\",\"authorId\":\"GEAR-1e3ef580-5371-4177-8cc4-0a62afafc75a\",\"date\":\"2017-06-22T13:42:38.427Z\",\"text\":\"Deployed\",\"deletable\":false,\"replies\":[]},{\"author\":\"Administrator\",\"authorId\":\"GEAR-1e3ef580-5371-4177-8cc4-0a62afafc75a\",\"date\":\"2017-06-22T13:47:49.851Z\",\"text\":\"Deployed\",\"deletable\":false,\"replies\":[]},{\"author\":\"Administrator\",\"authorId\":\"GEAR-1e3ef580-5371-4177-8cc4-0a62afafc75a\",\"date\":\"2017-06-22T13:56:35.360Z\",\"text\":\"Deployed\",\"deletable\":false,\"replies\":[]}]"
  }, {
    "name" : "adhocDocuments",
    "type" : "java.util.List",
    "value" : [ ]
  }, {
    "name" : "adhocProcesses",
    "type" : "java.util.List",
    "value" : [ ]
  }, {
    "name" : "adhocTasks",
    "type" : "java.util.List",
    "value" : [ ]
  }, {
    "name" : "allowedActions",
    "type" : "java.util.List",
    "value" : [ "assign", "share", "startProcess", "addVariables", "activate", "archive" ]
  }, {
    "name" : "autostartDocuments",
    "type" : "java.util.List",
    "value" : [ ]
  }, {
    "name" : "autostartProcesses",
    "type" : "java.util.List",
    "value" : [ ]
  }, {
    "name" : "autostartTasks",
    "type" : "java.util.List",
    "value" : [ ]
  }, {
    "name" : "description",
    "type" : null,
    "value" : null
  }, {
    "name" : "initForm",
    "type" : "java.lang.String",
    "value" : "edoras-5b6617532c83"
  }, {
    "name" : "initialCandidateGroups",
    "type" : "java.util.List",
    "value" : [ ]
  }, {
    "name" : "key",
    "type" : "java.lang.String",
    "value" : "edoras-7e15ae3e3c04"
  }, {
    "name" : "modelType",
    "type" : "java.lang.String",
    "value" : "adaptive"
  }, {
    "name" : "workForm",
    "type" : null,
    "value" : null
  } ],
  "stateUpdateTime" : "2017-06-22T13:33:14.129Z",
  "subStateUpdateTime" : "2017-06-22T13:33:14.129Z",
  "ownerId" : "GEAR-1e3ef580-5371-4177-8cc4-0a62afafc75a",
  "assigneeId" : "GEAR-1e3ef580-5371-4177-8cc4-0a62afafc75a",
  "initialAssigneeId" : "GEAR-1e3ef580-5371-4177-8cc4-0a62afafc75a",
  "previousAssigneeId" : null,
  "assignedGroupId" : null,
  "initialAssignedGroupId" : null,
  "previousAssignedGroupId" : null,
  "candidateUserIds" : [ ],
  "candidateGroupIds" : [ "GEAR-fccc2580-c916-4776-8a9c-128eb3bcb87a" ],
  "priority" : null,
  "resubmissionTime" : null,
  "dueTime" : null,
  "assigneeIdUpdateTime" : null,
  "assignedGroupIdUpdateTime" : null,
  "path" : [ "WRK(GEAR-7461a036-bff8-4a11-ae26-d8230cdc7de9)", "WRK(GEAR-e51cef3b-d3b6-46c7-bd07-8526dbd1fdc4)" ]
}